RA,DEC,z
1.8929,16.5116,0.1249
2.1125,-19.6384,0.0
2.3163,4.0282,0.0
2.3418,6.7782,0.0
2.5728,33.0948,0.0
2.6192,17.6948,0.0
2.9237,32.4114,0.1073
3.038,-11.1885,0.0
3.0929,9.4614,0.0
3.2142,-5.9886,0.0
3.1865,-16.4386,0.0
3.3387,-7.6053,0.0
3.4103,-19.5053,0.0
3.8081,-23.8887,0.064
3.8074,-26.0221,0.121
4.1929,6.7444,0.0838
4.2436,8.7944,0.0
4.2647,-2.7889,0.0
4.7133,-6.1891,0.0
4.9063,-22.6224,0.0
5.1283,28.6274,0.0948
5.1792,-25.7059,0.1432
5.4402,-0.8894,0.1052
5.6267,23.2939,0.1338
5.7655,-0.1562,0.0
5.8356,36.8437,0.0
6.2048,-20.7064,0.0
6.2947,8.1269,0.0
6.7403,38.5599,0.0
6.6839,-12.19,0.0
6.7786,22.6266,0.1596
6.7356,-9.1067,0.0
6.7795,-19.5067,0.0
6.8107,-8.8067,0.0
6.853,-21.6734,0.0
6.9083,-12.7901,0.0
6.9846,-10.5235,0.0
7.0987,13.9264,0.0
7.084,-11.3902,0.0
7.1503,16.3931,0.0
7.1952,7.8431,0.275
7.1511,-23.6402,0.1087
7.2262,17.5764,0.1114
7.3979,12.0263,0.0559
7.458,-12.2904,0.0
7.5576,-12.8738,0.15
7.6496,-24.1572,0.0
7.7986,12.5427,0.0
7.8582,-11.424,0.0
7.8506,-22.224,0.0
7.8995,-23.6573,0.0
7.9576,-12.1907,0.0
8.1605,-7.5575,0.0
8.4353,26.7423,0.0
8.495,6.3256,0.0
8.4602,-7.791,0.0
8.4844,-8.9077,0.0
8.5109,-6.7578,0.0
8.614,30.2755,0.0
8.7391,30.0254,0.0
8.6982,-23.1912,0.0
8.8309,20.392,0.0
8.9646,49.6919,0.0
9.1302,18.9084,0.0
9.2305,19.075,0.0
9.1617,-5.1749,0.0
9.2556,19.2583,0.0
9.2475,9.1417,0.0
9.4051,18.3416,0.0
9.3349,-7.425,0.0
9.4406,29.5915,0.0724
9.6366,45.7247,0.0
9.573,9.4248,0.0
9.7219,-22.3086,0.0
9.9587,21.2578,0.0626
9.9461,6.7745,0.0416
10.1424,29.5243,0.0719
10.1394,26.741,0.0
10.1561,18.141,0.0927
10.0938,-24.6756,0.0
10.2602,22.2742,0.0
10.3385,25.4075,0.0
10.3527,14.0408,0.0
10.4597,21.4074,0.103
10.4075,-9.3425,0.0518
10.6206,-21.7927,0.061
10.7568,-9.7928,0.0
10.7159,-26.0428,0.1086
10.7821,-9.4262,0.0
10.8425,2.1737,0.0
10.806,-10.6262,0.0
10.9348,20.657,0.0
10.9234,-18.4597,0.0
11.3134,-2.3267,0.0
11.4647,-0.8602,0.1115
11.6103,39.5063,0.1344
11.4675,-23.1601,0.0
11.6109,20.4897,0.105
11.698,-17.6437,0.0
11.8131,-2.5105,0.0
11.8896,-0.9106,0.0
12.1669,1.3725,0.0632
12.3096,-5.8443,0.0
12.4421,24.5222,0.0822
12.3857,-4.7277,0.0
12.6033,-11.6779,0.0
12.5699,-19.2446,0.0
12.7586,-6.5448,0.0
13.1157,22.2215,0.0
13.1972,6.1214,0.0
13.2101,-5.0119,0.0
13.4146,-0.7955,0.0
13.3854,-4.6121,0.0
13.4154,-21.6788,0.0566
13.998,26.3205,0.1971
13.9662,0.6372,0.0665
14.0038,-10.0295,0.0535
13.9329,-26.4127,0.0
14.089,-1.2629,0.044
14.2707,-16.4131,0.0
14.3822,-7.0133,0.1048
14.3571,-26.2799,0.0
14.5979,-14.3968,0.0
14.854,42.3695,0.0
15.0335,14.2693,0.188
14.9477,-14.2139,0.0
14.9848,-23.464,0.0
15.1241,-12.9642,0.0
15.2529,-9.9643,0.0
15.3903,-0.1478,0.0
15.5462,-14.7813,0.0
15.7532,27.0184,0.0
15.661,-21.7982,0.0604
15.7622,-2.5316,0.0699
15.8095,-22.5817,0.0
16.0257,25.068,0.1569
16.127,25.7345,0.0
16.3371,43.1009,0.0
16.3469,36.3842,0.0
16.1317,-23.9654,0.152
16.4051,-24.5991,0.23
16.5418,0.9507,0.0
16.679,26.2338,0.0
16.5857,-20.8661,0.0
16.6871,-2.4495,0.0
16.8747,-11.2498,0.0
17.0435,2.1666,0.0438
16.9967,-13.1833,0.0
17.3427,43.5995,0.0
17.3095,13.1663,0.0596
17.2181,-15.4169,0.0526
17.4609,13.9827,0.0
17.423,5.2328,0.0
17.742,17.6656,0.0658
17.5772,-24.8174,0.0
17.946,33.4487,0.0
17.769,-14.4011,0.0
17.941,16.882,0.0645
17.9926,-15.1014,0.0
18.2142,15.5149,0.0447
18.7074,37.4142,0.0
18.5448,2.8811,0.0
18.6557,24.7309,0.0
18.5847,-3.7523,0.0
18.8469,32.5973,0.0
18.6399,-16.269,0.1156
18.8557,24.4806,0.0
18.7908,0.2474,0.0452
19.1184,41.1136,0.0
19.0362,13.097,0.0
19.1917,16.2634,0.0706
19.2456,3.2467,0.0
19.6899,38.996,0.0
19.9577,35.8122,0.0
19.8902,14.879,0.1287
19.9021,-8.1377,0.0
20.0043,-21.0212,0.0
20.4504,20.0781,0.0
20.4493,19.4781,0.0547
20.4705,3.0114,0.135
20.4909,0.2947,0.0
20.5537,-6.9221,0.0
20.4768,-21.9053,0.0
20.6628,13.0444,0.0
20.6024,-21.4722,0.0
20.6726,-10.4223,0.1029
20.6317,-19.2222,0.0
20.6934,-12.7723,0.123
20.9182,1.6439,0.0335
20.9234,-9.8561,0.1015
21.1031,20.9103,0.0
21.0731,4.477,0.0
21.2806,8.6933,0.0482
21.3878,-1.5069,0.0178
21.7257,19.1759,0.0422
21.8091,23.2091,0.0
21.6822,-18.1074,0.0
21.7603,-16.4409,0.0
21.7827,-17.7909,0.0
21.9933,15.2087,0.0
22.0209,16.5253,0.0
21.9785,7.2754,0.0
22.0688,1.8753,0.0
22.1531,-6.7916,0.1557
22.2517,6.2083,0.0
22.1158,-25.5915,0.0
22.2859,-2.4918,0.0
22.8914,0.5404,0.0
22.9895,-13.5764,0.206
23.0628,-25.9766,0.0
23.2078,-4.0102,0.0
23.574,4.4891,0.0
23.8572,20.6219,0.0
23.5864,-26.0942,0.0
23.8421,-23.4447,0.0
24.1777,-6.412,0.1158
24.1495,-8.0453,0.1126
24.144,-10.7453,0.0
24.3336,9.1543,0.0
24.3312,7.9377,0.0
24.5277,18.1373,0.0
24.3642,-12.9791,0.211
24.4895,-12.7793,0.207
24.5764,-6.9462,0.1617
24.7297,18.8869,0.0692
24.7446,-10.2465,0.1282
24.9535,18.1864,0.0
24.7949,-10.0466,0.1289
24.8581,-3.6301,0.0
24.8671,-11.3634,0.0
25.1436,24.5194,0.0
25.0191,-10.3637,0.1874
25.0867,-1.8305,0.0
25.2556,18.9191,0.1731
25.0538,-17.4138,0.0
25.1159,-11.8473,0.1874
25.2409,0.2692,0.0
25.2154,-23.0475,0.0
25.3408,-11.7811,0.0
25.4812,7.6187,0.0618
25.4059,-16.2479,0.0
25.4851,-14.3147,0.0
25.6189,-10.2316,0.1117
26.0557,18.4841,0.0
26.0289,6.3842,0.079
26.1777,5.8005,0.07
26.3041,17.6336,0.0
26.2106,-2.2662,0.0
26.6854,20.0495,0.0
26.7596,19.6826,0.0
26.5996,-7.3004,0.0
26.6595,-2.7005,0.0
26.9623,20.6489,0.0
26.8082,-3.2841,0.0
26.8361,-1.9842,0.0
26.907,-3.851,0.0
27.2467,13.9816,0.0706
27.5205,23.4643,0.0
27.5633,-11.9858,0.1273
27.9746,33.1633,0.0348
27.8603,-2.2365,0.0467
28.2102,36.1461,0.0161
28.3406,37.5625,0.0
27.9529,-25.77,0.0
28.0994,-7.0203,0.0
28.156,-4.1371,0.0
28.2177,1.0461,0.0
28.3378,-1.1209,0.0
28.3805,-4.321,0.0
28.4589,-2.8212,0.0
28.5194,1.762,0.0
28.8295,33.9447,0.0877
28.5329,-23.538,0.0
28.6758,-6.2717,0.1289
28.9502,14.6611,0.0
29.2836,41.3603,0.0
28.9481,-7.3723,0.0947
29.3252,32.2269,0.0896
29.0928,1.0607,0.0797
29.1362,-1.7727,0.0
29.2766,-5.8397,0.088
29.2413,-10.1063,0.0
29.2358,-22.0397,0.0
29.4638,-0.6402,0.0
29.4815,-3.7402,0.0
29.6111,-1.7739,0.0
30.0963,-7.8584,0.0
30.4368,18.4242,0.0
30.1767,-24.6252,0.0
30.5441,21.0239,0.0
30.41,-2.1758,0.0
30.6139,19.0904,0.0
30.4996,3.774,0.1631
30.5536,5.4072,0.0
30.6127,-1.0763,0.0
30.6077,-3.1263,0.0
30.5232,-25.5761,0.0
30.6922,-9.3431,0.0
31.1911,0.3223,0.0
31.3365,17.8553,0.0
31.3351,-2.0947,0.0
31.374,-24.7615,0.0
31.557,-3.312,0.0
31.6267,4.4879,0.0
31.6268,-14.9121,0.0
31.785,-11.7959,0.0
32.0173,10.4702,0.0
32.0068,-3.3464,0.0
32.073,3.0034,0.0
32.1294,5.4699,0.0
32.2931,19.7195,0.0
32.4029,4.8692,0.0
32.5228,2.9023,0.0
32.4064,-12.8975,0.0
32.5127,-0.9977,0.0
32.4798,-13.481,0.0
32.543,-8.5311,0.0
33.2153,26.4338,0.0
32.9581,-12.0989,0.0
33.2871,25.3836,0.0
32.9163,0.3846,0.0
33.3853,7.5,0.0
33.4077,-2.8667,0.0
33.4362,-1.5335,0.0
33.2437,-25.283,0.0
33.4213,-7.1168,0.0
33.2659,-26.1164,0.0
33.472,-6.8669,0.0
33.6782,-4.5341,0.0
33.8433,10.3321,0.0
33.8962,11.3653,0.0
33.878,-13.6014,0.0
34.1622,16.8479,0.0
34.0789,-4.2019,0.0
34.032,-12.1518,0.0
34.1596,-2.1188,0.0
34.4646,17.5138,0.0
34.3842,-11.2694,0.0
34.4403,-9.1029,0.0
34.605,-12.67,0.0
34.7427,-16.8037,0.0
34.9479,2.7291,0.0
34.777,-21.8538,0.0
35.4278,21.3612,0.0
35.3539,13.5947,0.0
35.62,26.394,0.0
36.462,41.875,0.0187
35.9908,-8.5905,0.274
36.5883,36.8246,0.0
36.262,-9.8246,0.0
36.3402,-8.7248,0.0
37.034,-2.1768,0.0
36.873,-22.0597,0.0
37.1444,1.4229,0.0
37.0551,-11.9269,0.0
37.2784,4.4725,0.0
37.3547,13.239,0.0
37.5508,-13.195,0.0576
37.7236,2.8212,0.0
37.8361,6.9875,0.0
37.8739,2.8874,0.0
37.9008,-4.8627,0.0
38.1937,9.4531,0.0
38.7917,8.6847,0.0
38.911,-1.4157,0.0
38.9238,-5.4324,0.0
39.1538,-19.3832,0.0
39.3527,-26.5005,0.0
39.9293,-3.5355,0.0
39.9604,-1.5856,0.373
40.2798,-11.22,0.0
40.9019,41.845,0.0
40.8613,27.995,0.0
40.8787,4.2449,0.0
41.2164,29.0606,0.0
41.4522,36.8599,0.0489
41.5118,27.8096,0.0
41.2554,-3.0897,0.0
41.3762,3.41,0.0
41.1004,-26.256,0.0
41.4882,-0.6404,0.0
41.7792,4.3087,0.0
42.029,-3.4922,0.0
42.0579,-2.2756,0.0
41.9162,-21.8085,0.0
42.5075,-17.1604,0.0
43.1161,28.1044,0.0
42.9029,-3.7617,0.0
42.8278,-24.9115,0.116
43.1896,-14.9627,0.0
43.382,-2.4966,0.0
43.5818,4.9361,0.0
43.6034,3.9194,0.0
43.4655,-14.6469,0.0
43.6303,-10.3808,0.0
44.3866,41.6003,0.0
44.2454,15.9506,0.0325
44.0362,-15.6822,0.0
44.4851,13.0164,0.0715
44.4107,6.0333,0.0232
44.7373,13.5823,0.0748
44.4114,-22.1168,0.0
44.8022,3.4987,0.1033
45.2882,41.3972,0.0
45.2421,37.7473,0.0
44.6958,-19.6178,0.0
45.4323,35.83,0.047
45.6657,32.4125,0.0
45.8218,1.8785,0.0
45.9785,3.7946,0.0897
46.1438,1.0107,0.0
46.5647,-0.1741,0.0
46.6482,2.2589,0.0
46.5134,-14.4573,0.0
46.6973,-12.0413,0.0788
46.8045,-16.725,0.0
46.8877,-14.5587,0.0
47.0657,-13.726,0.0
47.1263,-23.6429,0.0406
47.3237,-11.5269,0.0
47.6506,9.8054,0.0
47.5753,-11.0444,0.0
47.8212,-12.112,0.0797
48.0557,-2.6461,0.0
48.9718,-11.7328,0.0
49.6517,41.5151,0.0183
49.5596,34.4487,0.0
48.9928,-19.0996,0.0
49.9236,36.814,0.0
50.3817,-15.338,0.0
50.4017,-16.5548,0.0
51.0184,-5.807,0.0
51.1396,-6.7908,0.0
51.2542,-9.4579,0.0
51.4939,-5.6255,0.0
51.6753,9.1573,0.0
51.7049,-2.7263,0.0
52.1523,-9.8447,0.0
52.6169,24.7871,0.1063
52.2992,-10.6119,0.0
52.6384,-6.9632,0.0
52.5898,-12.913,0.0
52.8911,-6.2475,0.0
53.8532,3.2988,0.0
54.129,-2.869,0.0
54.3058,-2.4196,0.0
54.495,-5.1204,0.0
54.6708,-11.1211,0.0
57.3899,75.1864,0.0803
55.4144,23.4928,0.0607
55.5306,-2.4245,0.0
56.4471,1.6885,0.0
56.1812,-20.0272,0.0
56.3121,-12.9777,0.0
56.6473,7.8711,0.0
56.3528,-20.7279,0.0
56.4055,-20.1281,0.0
56.4609,-24.2784,0.105
56.5296,-20.2953,0.0
56.6588,-13.6958,0.0
57.2096,27.1356,0.0
57.0661,-17.6641,0.0
57.2979,-21.5818,0.0
57.3651,-17.8153,0.0
57.7412,6.3,0.0855
58.0761,25.2321,0.0
57.5693,-22.2662,0.0
58.1827,21.4149,0.1325
57.9943,-22.168,0.0
58.7959,-4.6711,0.0
59.882,-13.6424,0.0
60.9156,-17.0968,0.0
61.1138,-17.4643,0.0
62.9661,-16.6889,0.0
62.2247,-9.3856,0.0
62.8414,-11.205,0.0
63.0322,-1.8724,0.0
63.3362,10.4764,0.09
63.5754,-3.4247,0.0
63.7696,0.9911,0.0473
63.8716,-9.9427,0.0
64.131,-2.1271,0.0
64.0144,-11.5267,0.0
64.0817,-7.6603,0.0386
64.4114,4.805,0.0
65.6185,-4.9337,0.0
65.7012,-24.2509,0.0
66.1669,-5.2695,0.0
66.5949,-4.588,0.0
66.7188,-20.7054,0.0
67.3677,-5.0415,0.0
70.0465,76.5156,0.0
70.2348,73.7976,0.0
67.7054,-7.743,0.0
67.4881,-26.3589,0.0
68.4045,-13.2462,0.032
69.2141,10.6337,0.0
69.4412,21.1994,0.0
69.2936,-20.417,0.0
69.7344,-22.1023,0.0666
70.504,8.3945,0.0
72.6076,69.7863,0.0
70.3594,-17.1885,0.0
70.7967,6.8098,0.0
75.0534,80.0101,0.0543
70.8205,-9.7072,0.1561
70.8027,-18.4738,0.0
71.4746,2.0066,0.1479
71.9259,2.2879,0.0836
71.689,-21.0113,0.0
71.665,-25.4112,0.0
71.8781,-18.2788,0.0
72.0451,-9.7128,0.1491
71.9169,-20.429,0.0731
72.394,6.1691,0.0
72.5243,-8.815,0.1407
72.6223,-9.2321,0.2244
72.8401,-10.7165,0.1804
73.4436,0.6808,0.0
73.5791,2.9469,0.203
73.5422,-10.2531,0.0
74.2616,-6.1397,0.0
74.7568,8.7748,0.0
74.4444,-19.7074,0.0
74.8788,8.1409,0.0
74.966,5.4404,0.0541
77.5651,73.697,0.0794
74.8229,-9.009,0.2896
75.1695,6.1728,0.0
75.1364,-0.8604,0.0
75.3238,-3.5447,0.0
75.7975,11.9533,0.0
75.3783,-22.6118,0.0472
78.8336,73.5076,0.0
76.8782,-2.5853,0.0
76.9464,-9.2357,0.0
81.1636,73.8799,0.0
78.8138,-15.6946,0.0
79.1463,6.454,0.0205
81.3831,-25.6904,0.0
83.5167,64.401,0.0
84.4834,64.0297,0.0
82.6517,-22.4131,0.0
82.7312,-25.9469,0.0
83.0841,-11.5317,0.154
85.6266,66.4576,0.0
84.3443,-14.4212,0.0
86.7573,-25.6163,0.041
89.1565,65.6905,0.0
88.1583,-21.0731,0.0
88.7265,-17.7425,0.0
92.3581,76.3095,0.0
93.1561,48.6037,0.067
94.6839,67.4304,0.0
94.3044,-17.2529,0.0
97.1437,67.0352,0.0
97.5693,69.2166,0.0
99.7006,73.5902,0.0
100.0335,69.6881,0.0757
100.7402,67.8679,0.0
100.9805,69.0169,0.0
102.9854,69.274,0.11
104.4716,69.0169,0.0
105.1749,69.8137,0.0779
106.8536,71.756,0.0
106.1245,63.2921,0.0984
105.3893,32.828,0.0
106.903,35.0377,0.0751
107.2934,48.6194,0.0196
109.5851,70.4765,0.0
109.7218,71.876,0.0
108.5395,54.6638,0.0
109.3543,67.5274,0.0
110.0037,70.958,0.0
112.5765,79.181,0.0
110.3506,55.7389,0.0381
113.2879,78.9277,0.0
111.2553,66.9853,0.0
110.3363,36.7385,0.0
111.4702,41.4168,0.0
111.4168,11.0999,0.0
112.0487,41.9641,0.0
112.2073,43.0301,0.0
112.1458,26.6801,0.0
112.7386,40.8443,0.0
113.0741,31.626,0.171
113.252,39.442,0.0
114.7392,69.9531,0.16
115.3235,63.4835,0.0
114.3709,35.2703,0.0
115.5093,43.9654,0.0
115.6573,9.3643,0.0624
117.994,72.8225,0.226
116.1898,11.062,0.0
117.2104,52.0748,0.0666
119.1754,72.6173,0.0
117.991,35.3544,0.0
117.7196,17.6554,0.0
119.3736,68.8495,0.0
119.088,63.7504,0.0
118.3588,34.3195,0.0
118.3293,29.3529,0.0
118.9544,33.7503,0.0
119.8115,61.3639,0.0
119.0675,27.3997,0.0
119.2678,35.949,0.0
119.3657,39.3319,0.0
120.5562,63.7609,0.0
120.576,63.5274,0.0
119.8151,27.1132,0.0
120.242,36.0782,0.0
120.2589,34.8114,0.0
120.633,45.1434,0.0
120.2691,17.9612,0.0
120.6896,31.7262,0.0
121.0714,46.8082,0.0
123.5377,77.3163,0.0
122.2413,67.554,0.0
120.6566,-2.2073,0.0
121.4356,45.69,0.0
122.8162,70.0185,0.0
121.8553,48.0216,0.0
121.4119,-0.9438,0.0871
124.4397,76.8625,0.0
127.0426,82.3702,0.0
122.6642,49.2016,0.0
122.3297,34.7195,0.0
122.5324,35.2186,0.0
123.7516,66.4311,0.138
122.7657,40.3177,0.0
122.8116,35.9675,0.0
122.4112,4.9188,0.0
123.8638,63.7472,0.0
123.6404,58.0479,0.0267
122.7865,16.7174,0.0
125.1826,72.7424,0.0
123.7531,48.3805,0.0
123.2717,13.432,0.0
124.9838,67.9095,0.291
124.3478,29.7112,0.0
123.6629,22.6305,0.0
124.7739,30.0428,0.0
124.8906,52.4927,0.0
124.3602,-7.5892,0.0704
125.6365,56.5731,0.0
125.5364,47.1066,0.1303
125.0962,7.5413,0.0
125.5612,32.5397,0.0
126.0505,48.8713,0.0
125.6173,18.5726,0.0
125.5816,16.1061,0.0
126.4262,56.0366,0.1938
125.4458,1.2232,0.0
126.0488,38.9212,0.0
126.3341,47.1201,0.1245
126.369,48.27,0.0
125.8307,15.9551,0.0
125.9544,15.6713,0.0
126.0206,19.4044,0.0
126.3349,36.8367,0.0
126.8155,53.135,0.0
126.1996,8.4869,0.0
126.6222,34.8188,0.0
126.2084,4.4368,0.0
127.6883,65.882,0.1816
126.7932,38.3182,0.0
127.0126,44.7174,0.0
126.9214,34.7677,0.0
127.5499,56.3156,0.0
128.1594,66.8803,0.0
127.122,30.4168,0.0494
127.2329,32.4831,0.0
127.0764,15.1669,0.0
127.5399,18.4318,0.0
127.8913,38.4139,0.0
127.9085,37.1639,0.0
128.0749,35.7799,0.0
128.584,50.7115,0.0
128.525,35.9615,0.0
128.8296,36.8603,0.079
129.0501,43.8429,0.0
129.4916,51.8414,0.0
129.1476,31.2257,0.0
130.8564,72.8037,0.0
129.402,44.2416,0.0
131.9851,77.7167,0.0
129.761,42.1402,0.0
129.3774,15.858,0.0421
129.3739,14.9914,0.0
129.8094,28.8399,0.0788
130.2838,42.0382,0.0
130.2237,26.7383,0.0
129.9199,1.0726,0.0
130.2998,32.0547,0.0
130.3509,32.2879,0.0694
130.4027,16.1709,0.0
130.7222,36.3365,0.0
130.8539,41.5361,0.0
131.1521,27.7849,0.0
131.4989,36.9504,0.0
131.9048,38.1322,0.0
131.7383,24.9827,0.0
131.5347,5.1333,0.0
134.8115,79.3068,0.0
131.9113,29.9988,0.0
132.08,28.7315,0.0
135.218,79.8888,0.0
132.2504,37.531,0.0
132.5376,12.7464,0.0
133.043,36.5614,0.0
132.592,0.3127,0.0
133.0142,25.6281,0.0
133.1582,18.2108,0.0
133.6981,41.9092,0.0
133.685,35.3925,0.0
133.994,48.4582,0.0
138.1275,82.863,0.0
136.693,79.2169,0.0
136.4142,78.001,0.0
133.7725,15.6253,0.0
134.8803,61.2887,0.0
134.3353,30.7568,0.0
137.9459,81.4631,0.0
134.5754,38.5727,0.0
135.2984,62.6039,0.0
134.5865,31.1226,0.0
134.7797,39.422,0.0
134.4011,9.9731,0.0
135.286,58.2539,0.0
135.089,51.3377,0.0
134.3531,-3.6769,0.0
134.477,3.1728,0.203
135.33,55.6203,0.1159
135.1486,16.2705,0.0
136.1045,61.7511,0.0
135.7937,52.202,0.0
138.3829,79.9114,0.0
138.0883,78.0287,0.0
136.1265,47.2341,0.0
136.3923,42.3165,0.0
136.6128,37.299,0.0
137.5493,60.2962,0.0
136.6758,10.2819,0.0
136.8233,16.6648,0.0729
136.707,4.7818,0.0
137.4057,51.5465,0.0
137.7348,61.129,0.0
139.0999,75.7752,0.0
137.1643,6.9803,0.0
137.278,11.0299,0.162
142.0599,83.4171,0.0
137.6007,35.4457,0.0
137.1429,-6.8864,0.0
137.2086,-9.6366,0.0528
138.1316,48.9608,0.0
138.103,48.4775,0.0
138.197,47.7106,0.0515
138.138,42.544,0.0
138.2089,41.8938,0.0
137.6479,-5.4714,0.0
137.6807,-10.5882,0.0
139.7677,74.2896,0.1332
138.1196,15.9939,0.0
139.2904,63.824,0.0
140.1675,73.8216,0.0
138.2755,-4.7234,0.0
142.5586,82.4153,0.0
141.4421,79.3848,0.0
138.5766,3.309,0.0
139.5135,60.4232,0.0
139.6477,61.1728,0.0
139.1276,36.6241,0.0
139.4975,51.7064,0.0
138.9087,5.5246,0.0
139.0848,5.874,0.0
139.0647,-0.3926,0.0
142.0832,78.2327,0.224
139.4893,-8.3107,0.0
139.9618,33.7714,0.0226
139.6265,-12.2612,0.0522
140.0968,30.4376,0.0
140.4949,51.9699,0.0
140.7909,61.2358,0.0
140.6209,54.9696,0.1236
141.0416,59.4683,0.0
142.2071,74.7986,0.1241
142.1406,74.3988,0.1352
142.013,72.2991,0.0
141.3342,61.0175,0.0
140.2725,-13.6299,0.0
140.5802,12.4193,0.0
141.2539,42.8008,0.0
141.4025,50.3004,0.0
140.9428,8.6515,0.0
141.0105,14.168,0.1357
141.9968,60.3988,0.0
141.6464,17.6661,0.0
144.9051,80.958,0.0
142.5735,58.747,0.0
142.1248,37.7981,0.0
142.0058,20.565,0.1918
143.3399,67.0449,0.0
142.3028,12.1307,0.0
143.1919,62.5619,0.0
142.2533,4.1142,0.0
143.0426,56.0289,0.0
142.2466,-6.4359,0.0
142.539,7.6967,0.0
144.7466,77.2913,0.0
142.6845,-2.1538,0.0
144.9817,77.524,0.0
143.1472,37.8951,0.0
142.6218,-14.5537,0.0
144.7962,75.9244,0.0
143.0847,29.0619,0.0
142.7506,-13.3874,0.0
143.0437,17.3619,0.0
144.7129,73.9745,0.0
143.0696,9.6618,0.0759
143.4574,-2.9228,0.0
143.5022,-4.6896,0.0
143.4261,-13.4227,0.0
143.3098,-25.8558,0.0
143.8145,23.9097,0.0
144.6985,65.4243,0.0
144.3133,53.5085,0.0
143.6573,-2.9567,0.0
143.9017,12.1927,0.0
144.7247,62.1408,0.0
143.8627,7.5095,0.0
143.8071,-3.0404,0.0
143.9878,15.8591,0.0
144.0475,10.8589,0.0
145.166,66.673,0.0
144.3533,12.8581,0.0
146.6354,78.4361,0.0
144.3654,8.5247,0.0
144.2766,-5.0085,0.0507
147.1395,79.8849,0.0
146.899,78.7021,0.0
144.654,-4.1929,0.0
144.5538,-20.926,0.0
145.4833,56.5719,0.0
145.0133,-0.9439,0.0
146.0211,64.4039,0.0
145.2822,22.4888,0.0
145.0978,2.4559,0.0
146.8915,74.8685,0.0
145.3534,21.3553,0.0
145.2766,12.5721,0.0
145.7112,47.0045,0.0
145.5057,29.4216,0.0
145.5596,15.388,0.0
145.5159,8.9381,0.2069
145.3649,-9.2782,0.0
146.3528,56.5528,0.0
145.5248,-22.6121,0.0
145.8572,5.8872,0.0881
145.9154,8.8537,0.0
145.8967,2.1037,0.0
145.8911,0.0537,0.0
146.1173,9.5698,0.0
145.9808,-12.6133,0.0
147.4895,71.2001,0.0
146.6628,43.4852,0.0
146.9886,58.1345,0.0
146.2924,0.5359,0.0
146.3673,-8.6476,0.153
146.5473,2.3519,0.0
146.692,9.6016,0.0
147.8016,65.7824,0.0
148.8703,77.2634,0.0
148.1836,71.2982,0.182
147.6582,58.0327,0.0
148.4215,70.9309,0.0
147.4758,29.2829,0.0
148.9798,75.3797,0.0
147.4312,5.7663,0.0
147.6739,28.8657,0.0
147.4299,-4.1671,0.0
149.0091,71.7128,0.0
147.8126,8.2486,0.1408
147.8303,5.4985,0.0
147.8783,4.7317,0.0
148.6982,62.48,0.0
148.5759,57.8969,0.0
148.4163,40.3472,0.0
149.9587,76.9439,0.0
148.3779,22.7805,0.0
148.2534,-4.8359,0.0
148.5703,28.4134,0.0
148.3924,0.5637,0.0
148.9215,35.9792,0.0
148.9721,36.1624,0.0
149.1852,49.4953,0.36
149.1168,41.0121,0.0
149.0685,28.1955,0.0
149.4326,49.2613,0.0
149.5725,55.2777,0.0
149.1395,18.5952,0.0
149.0406,-9.938,0.0
149.115,-10.1715,0.0
149.4419,19.6278,0.0
150.0365,60.0766,0.0
150.1079,56.9931,0.0
150.3966,65.3758,0.0
149.5881,-11.056,0.0
149.8991,22.41,0.0
151.2966,74.8239,0.0
150.7453,67.1583,0.2055
150.1024,-15.3906,0.0
150.2906,-0.1077,0.0888
150.6424,20.4749,0.1675
152.1082,71.2385,0.0
151.4572,50.9231,0.0
150.968,-19.3761,0.0
151.9471,62.5054,0.0
152.6161,73.7374,0.0
151.2393,-0.6933,0.0
151.8336,55.2723,0.0
151.3835,7.4231,0.0
152.5971,71.0207,0.0
151.6309,25.9059,0.1162
151.7617,35.6556,0.0989
151.7093,27.1224,0.0
151.694,21.6891,0.0
152.0506,50.3217,0.0
151.718,11.5056,0.0
151.9695,38.0052,0.0
151.7278,-5.6278,0.0
151.7091,-13.4111,0.0
152.0129,19.5883,0.0
151.9171,0.5218,0.0
152.1568,17.2546,0.0
152.6586,55.987,0.0
152.3152,29.5543,0.0
152.2235,13.9711,0.0
152.3594,18.4042,0.0
152.1896,-11.3122,0.0
152.2768,-16.6291,0.0
152.4243,3.6873,0.0
152.8609,19.2864,0.0
153.0509,33.6193,0.0
152.7863,-2.0302,0.0
153.9184,69.0844,0.0917
153.1222,23.8525,0.0
153.7877,63.0679,0.0
154.2544,72.3004,0.0
153.1052,6.4191,0.0
153.6645,49.8181,0.0
153.4782,34.7184,0.1427
153.4362,19.7684,0.0
153.2798,-15.948,0.0
153.4156,-0.1316,0.0
153.2334,-24.448,0.0
153.8503,47.1677,0.0
153.4889,-0.9151,0.044
154.0484,41.0005,0.0
154.3746,59.5499,0.0
154.6918,66.216,0.0
154.1228,33.617,0.0
154.7089,63.4659,0.0
154.2902,39.0167,0.206
154.1477,24.8002,0.0
154.6597,49.8826,0.0
154.0575,-25.3831,0.0
154.6057,43.4327,0.0
155.2895,68.2648,0.0
154.6367,30.3659,0.0
154.3929,-10.7004,0.0
154.9448,40.9653,0.0
154.9896,39.5485,0.0
154.8578,8.0653,0.0
154.9208,14.0486,0.0
155.663,64.6306,0.0
154.8612,-13.9181,0.0
155.2185,33.2314,0.0
155.1273,-6.5186,0.0527
155.0994,-7.8852,0.055
155.6059,50.114,0.0
156.1032,68.1131,0.0
155.4719,34.6308,0.0
155.8655,59.8135,0.0
155.3413,12.1977,0.0
155.7402,52.047,0.0
155.3954,14.1309,0.0
155.429,6.3975,0.0
155.6645,32.3138,0.0
155.5098,9.1973,0.0
155.8748,49.1634,0.0
155.6057,18.8805,0.088
155.6344,20.4971,0.0
155.4807,-4.9527,0.0533
155.7066,19.3303,0.0
155.9038,37.28,0.0
155.7223,15.1469,0.0
155.9792,37.5132,0.0
156.5708,67.9622,0.0
155.8422,12.8467,0.0318
156.2279,50.1794,0.0
155.8025,-6.6033,0.0
156.2761,49.8626,0.0
156.2666,47.796,0.052
156.3814,51.0624,0.0
156.8713,68.2283,0.0
156.9048,67.0449,0.0
156.3643,32.929,0.0
156.1802,-5.3541,0.0
156.2293,-5.7875,0.0
156.5572,39.062,0.0
156.3655,12.2623,0.0
156.5343,31.2787,0.0
156.4786,-6.2213,0.0
157.2568,65.4442,0.0
156.9421,34.5446,0.0
156.7625,10.9782,0.0321
157.5257,65.127,0.0
156.9758,17.5611,0.297
157.1065,30.8109,0.0
156.9612,10.4111,0.065
157.1756,37.6608,0.0
157.0846,9.6775,0.0
157.0028,-6.7557,0.0
157.0731,3.7609,0.0
157.8996,62.8429,0.0
157.5319,40.0768,0.0
157.7356,53.3931,0.0
157.6599,41.1266,0.0
158.853,77.3247,0.0
157.6555,30.9932,0.0
157.7767,38.7263,0.0
157.5734,4.0099,0.0
157.8907,35.0761,0.0
157.827,18.7095,0.0
158.0304,40.2092,0.0799
158.0316,31.8592,0.0
158.9303,68.7744,0.0
158.2449,2.242,0.0
158.2071,-4.7913,0.0
158.5961,45.4749,0.0
158.2245,-8.8913,0.0
158.5374,11.7915,0.0
158.596,16.2748,0.0
158.5511,5.6581,0.0
158.7517,30.6912,0.0
159.3892,67.9569,0.0
158.6988,4.4079,0.0
159.0137,43.9408,0.0
159.6584,67.7398,0.0
159.2158,44.8071,0.0
159.2457,46.207,0.0
159.0947,28.0572,0.0
159.1758,30.7571,0.0
159.333,42.6235,0.0
159.3416,37.1568,0.0
159.4798,41.8066,0.0
159.2878,12.4069,0.0
159.4589,34.3733,0.0
159.3054,-5.9766,0.0
159.2137,-27.5265,0.0114
160.1962,67.2055,0.0
159.6688,15.8729,0.0
159.699,18.6562,0.0
159.693,1.2728,0.0
160.2384,56.8887,0.0
159.8497,5.1725,0.0
160.1474,40.2388,0.0
160.1964,39.9554,0.0
159.9762,-8.6111,0.063
161.6739,78.1366,0.0
160.6538,43.088,0.0
160.8619,57.4044,0.0
160.6109,36.638,0.139
160.8147,46.6377,0.0
160.6248,-9.7288,0.0
161.2633,58.1704,0.0
161.1626,46.5038,0.0
160.8919,0.6375,0.0
160.8538,-7.3792,0.0
160.9926,1.0873,0.0
161.2062,35.5704,0.1588
161.1739,32.3704,0.0
161.545,59.6533,0.0
161.1545,-7.0797,0.0
161.3243,20.2702,0.0
161.1638,-16.4964,0.0
161.5524,43.9032,0.0
161.1836,-19.4797,0.0
161.596,18.6364,0.0
161.436,-18.3301,0.0
161.4884,-16.9969,0.0
161.5929,1.353,0.0
161.73,9.0695,0.226
161.8868,27.5193,0.2004
161.8648,15.2193,0.0
162.0375,28.0524,0.0
162.1192,31.4689,0.0
161.9848,-3.9309,0.0
162.2265,34.9688,0.0
162.2262,22.2354,0.0455
162.4248,44.3519,0.1614
162.2267,7.1687,0.0
162.2864,13.4353,0.0
162.1641,-17.1479,0.0
162.3051,9.4353,0.0
162.5731,43.985,0.0
162.3713,3.6352,0.0
162.4657,16.2184,0.0
162.5181,17.7516,0.0
162.8922,42.3845,0.0
162.662,-2.5653,0.0
163.0868,55.5509,0.0
162.7536,8.6346,0.0
162.8465,20.1512,0.0
162.8791,9.0344,0.0
163.0337,12.2175,0.0
163.259,39.734,0.0
163.3037,37.5506,0.0
163.1813,10.7007,0.0
163.3145,30.8005,0.0
163.2038,9.0173,0.0
163.3792,37.9004,0.0
164.171,75.5162,0.1235
164.0309,71.7497,0.0
163.4554,10.2336,0.0
163.4903,16.8502,0.0852
163.5369,14.6668,0.0
163.5536,9.0168,0.0
163.6325,11.8167,0.0
163.6758,-10.6668,0.0
163.9061,10.983,0.0
164.5819,56.7822,0.1363
164.5311,49.8489,0.0
164.2629,-2.1342,0.0
164.532,41.0489,0.0
164.3774,8.6323,0.0
164.4037,9.6156,0.0
164.6647,32.982,0.0
164.5178,1.4988,0.0383
164.6914,33.932,0.0
164.8819,12.2317,0.0
165.2293,10.5479,0.0353
165.4773,50.3477,0.0
165.6082,58.7642,0.0
165.3874,16.731,0.0
165.3357,-22.719,0.141
165.5809,11.9975,0.0
165.6145,-1.0526,0.0
165.7502,7.6306,0.071
166.5706,73.6965,0.0
166.0906,35.9469,0.0
166.0061,12.5469,0.0
165.9674,1.3303,0.0
166.2216,49.8301,0.0
166.139,35.1968,0.0
166.2398,47.4134,0.0
166.1324,13.6301,0.0
166.1936,22.2301,0.0
166.3807,12.5465,0.0
166.2926,-18.9535,0.0
166.3636,-22.1036,0.0
166.5703,3.9463,0.0
166.4896,-21.537,0.0
166.6182,2.0629,0.0
166.5604,-24.7205,0.0
167.2792,68.7456,0.0
167.0394,48.8792,0.0
166.8593,15.9126,0.0
167.0277,43.9458,0.0582
166.8749,8.0126,0.162
166.8691,2.9459,0.0
167.0077,-7.1543,0.0
167.2967,41.5789,0.0
167.3499,43.2788,0.0
167.3069,33.1788,0.0
167.2481,6.6288,0.0
167.3657,21.6954,0.0316
167.4587,34.5953,0.2596
167.4684,23.962,0.0
167.7852,62.9617,0.0
167.3684,-19.7714,0.0
167.5789,31.7785,0.0
167.5539,12.0118,0.0
167.7889,50.295,0.0
167.6991,28.6784,0.0304
168.4642,75.3944,0.0791
167.9154,39.5782,0.0791
167.8395,21.5282,0.0
167.767,1.1283,0.0
167.9426,40.8448,0.0794
167.7916,0.7616,0.0
168.1403,59.2613,0.0
168.07,42.4447,0.0
168.051,30.7114,0.0
167.9356,-4.9219,0.0
168.2461,53.8779,0.0
168.1593,36.4779,0.0
168.2001,30.3779,0.0
168.1622,20.0779,0.0
168.0875,-3.1554,0.0
168.2547,13.4278,0.1688
168.4287,47.511,0.0
168.4893,40.2943,0.0
168.3841,17.5943,0.0
168.3433,2.511,0.0
168.3851,-5.6057,0.0
168.9263,67.6939,0.0
168.5201,4.3608,0.0
168.6287,12.8941,0.0
168.7326,16.7606,0.0
168.7036,-12.2061,0.0
169.2997,57.4435,0.0
169.1211,29.2603,0.0468
169.2355,-5.6065,0.0
169.8696,4.3429,0.0
169.4366,-4.4734,0.0524
169.3909,-25.2234,0.0
169.7061,51.7098,0.0792
169.6063,16.6932,0.0
169.7301,37.4931,0.0
169.9635,62.6763,0.0
170.1192,47.1594,0.0
170.1915,45.9094,0.0
170.2269,36.426,0.2897
170.332,53.7593,0.1033
170.2483,33.7093,0.0
170.3944,48.0259,0.112
170.3737,34.3259,0.035
170.5153,46.1424,0.0
170.4105,22.3258,0.0
170.5716,49.709,0.0
170.531,17.8924,0.1676
170.4494,-18.941,0.0
170.6092,21.3923,0.1663
170.7323,19.6255,0.1042
170.6911,0.4589,0.0
170.8584,42.8421,0.0
170.7416,1.0922,0.0716
170.995,60.1421,0.0
170.8837,43.1088,0.0
170.8394,27.2088,0.0
170.8048,16.9588,0.0
170.9307,18.192,0.0
171.0614,45.4086,0.0
170.9943,32.292,0.0
170.9585,21.4254,0.216
171.0072,20.0086,0.0
170.9374,-4.208,0.0
171.3496,68.0251,0.0
171.23,41.6418,0.0
171.1797,17.4918,0.0
171.1089,-8.7915,0.0
171.3059,42.4918,0.0
171.7139,71.0749,0.0628
171.9009,75.4747,0.0
171.3531,-16.3084,0.0
171.521,35.3249,0.0339
171.511,25.4249,0.0
171.5446,5.2582,0.0
171.5923,2.0582,0.0
171.8868,48.3247,0.0
171.7485,10.6247,0.0
171.7085,-9.7919,0.0
171.8035,17.1414,0.1267
172.0262,41.3413,0.0
172.0206,36.5746,0.0
171.9862,26.8579,0.0321
172.1084,23.8578,0.0
172.2673,34.1411,0.0
172.3692,54.0577,0.0689
172.2341,-9.5923,0.0
172.4077,23.791,0.0
172.336,-7.0424,0.0
172.4296,19.8909,0.0
172.4941,36.6743,0.0603
172.5154,33.0242,0.0
172.4994,12.9075,0.0
172.5548,20.4742,0.129
172.8034,67.2241,0.0
172.6166,34.6742,0.0
172.6154,33.3742,0.0
172.6719,39.9908,0.0
172.8063,60.7574,0.1434
172.7166,35.0408,0.0
172.606,-14.5592,0.0
172.7059,22.3574,0.0
172.9498,66.774,0.0
172.6946,5.9741,0.0
172.9054,60.7574,0.0
172.8149,33.5907,0.0
173.0186,56.0239,0.053
172.9416,35.824,0.2319
172.9697,39.0573,0.0
173.0649,54.2406,0.0
172.911,-7.5261,0.0
172.9375,-5.1594,0.0
173.4296,76.2237,0.0
173.1255,44.8072,0.0
173.0894,33.9739,0.2247
173.0029,-19.8928,0.0
173.4674,75.057,0.0
173.344,66.4071,0.0
173.1916,36.7905,0.0
173.1904,35.4571,0.2131
173.2396,34.7738,0.0
173.3019,46.6071,0.0
173.1997,14.5238,0.0
173.2133,-3.9763,0.0481
173.2585,-11.843,0.0
173.4436,39.8403,0.0
173.3006,-24.043,0.0
173.5551,50.057,0.0
173.5508,17.0736,0.0
173.7029,49.0402,0.0341
174.0354,71.9234,0.0
173.8896,37.3901,0.0
173.7831,-13.5266,0.0
174.1089,54.9567,0.0566
174.0663,40.0733,0.0
173.9626,-5.81,0.0
174.1492,48.0733,0.0
174.2496,63.2233,0.1104
174.0614,-8.0268,0.0
174.2862,57.0899,0.0
174.1695,7.1899,0.0
174.2656,40.1732,0.0
174.2554,26.5232,0.0
174.3878,37.3732,0.0
174.6473,71.1231,0.0
174.5984,49.5231,0.0
174.6961,63.5897,0.0
174.5111,-9.3436,0.0
174.8225,49.873,0.0
174.7137,-4.3104,0.0555
175.0304,68.1395,0.0
174.8576,32.4063,0.0
174.8455,10.1562,0.0826
175.0991,18.2395,0.0
175.3954,73.0727,0.0
175.2155,44.8728,0.0
175.1453,10.3894,0.0
175.1701,10.0727,0.1061
175.3341,60.6561,0.1318
175.211,-10.7273,0.0
175.2953,10.6894,0.1095
175.2931,5.6894,0.097
175.254,-25.5107,0.0
175.3104,-12.3607,0.0
175.5246,55.356,0.0
175.4515,24.5893,0.0
175.6282,58.5393,0.0
175.4815,-21.4608,0.0
175.5266,25.0393,0.0
175.5449,10.1559,0.1178
175.686,41.9059,0.0
175.6199,10.4392,0.0698
175.7565,61.2892,0.0
175.6939,8.2225,0.0
175.881,61.6559,0.1783
175.77,11.0225,0.1535
175.9381,46.3558,0.0
175.8935,7.4891,0.0
175.9859,43.7391,0.0
175.915,-1.7609,0.107
176.103,30.9057,0.0763
176.2389,67.4224,0.0
176.1231,19.839,0.0215
176.2405,51.2557,0.0
176.209,42.3557,0.0
176.2886,49.339,0.0
176.371,15.539,0.0
176.3696,11.5223,0.1126
176.3649,-2.3944,0.1314
176.4878,49.739,0.0
176.513,-8.2445,0.0
176.5653,-1.0778,0.0
176.7414,55.7389,0.0514
176.6983,23.5055,0.0
176.7681,7.9555,0.0
176.8736,25.4055,0.0
177.1255,75.2221,0.0
177.0881,71.4388,0.1053
177.0383,54.6221,0.0603
176.9974,22.5554,0.0
177.019,11.5554,0.0831
177.0901,-1.9446,0.0
177.2099,51.6221,0.0
177.2468,22.3887,0.0
177.3403,-1.378,0.0
177.3938,12.2553,0.0
177.4376,-12.2947,0.0
177.6405,-0.5781,0.1382
177.7044,47.0053,0.0
177.777,42.3886,0.0
177.7138,-8.4781,0.0
177.8081,54.8553,0.1441
177.7988,33.5219,0.0
177.739,-7.6615,0.0
177.79,-3.0948,0.0913
177.8579,55.1053,0.0778
178.0242,37.2719,0.1648
178.1345,60.4219,0.0
178.0716,28.3885,0.0
178.0901,-2.8115,0.0
178.1212,27.2885,0.0
178.3149,67.8885,0.0
178.3904,-1.7449,0.0
178.4432,15.3884,0.0
178.5258,49.0718,0.0
178.4975,37.7218,0.0
178.8156,-0.5283,0.0
178.9386,73.4718,0.0839
178.8438,23.3717,0.1427
178.8677,16.2884,0.0
178.9513,57.8718,0.0
178.9669,10.7717,0.0
179.02,34.6051,0.0
178.9885,-18.645,0.0
179.0656,-0.245,0.0
179.1435,26.0884,0.0
179.2536,67.9717,0.0
179.29,-7.0284,0.0
179.3438,33.655,0.0
179.3911,5.0383,0.0
179.5425,26.3883,0.0
179.5648,-12.9951,0.0
179.5928,30.705,0.0
179.5913,9.855,0.0
179.7676,35.755,0.0
179.8683,49.7883,0.2105
179.8669,30.1717,0.0
179.9205,68.105,0.0
179.9166,25.8717,0.0
180.0655,-7.1784,0.0
180.0909,10.6883,0.0
180.1171,56.255,0.0646
180.1157,3.3383,0.1339
180.1661,29.6883,0.0
180.1914,50.455,0.0
180.1653,-23.3784,0.0
180.216,35.5717,0.0
180.2657,15.205,0.0
180.3656,23.0883,0.0
180.4154,30.0216,0.0
180.4406,-0.1617,0.0
180.4645,58.0217,0.1028
180.5152,23.8216,0.0
180.7409,-6.8284,0.0
180.7645,28.5717,0.0
180.7666,-23.3118,0.0
180.8166,-21.5118,0.0
180.912,51.7384,0.0631
180.9159,-4.6451,0.0
180.9618,51.0217,0.0
180.964,27.9883,0.0
180.9654,4.2383,0.0
181.0361,52.4217,0.0
181.041,-5.0617,0.0
181.0655,2.505,0.0
181.1353,53.2884,0.0
181.1619,42.5217,0.0
181.1895,15.055,0.0
181.1903,3.9383,0.0
181.2134,26.7217,0.0
181.2378,32.1217,0.0
181.2388,22.6217,0.0
181.3494,72.6051,0.0
181.409,51.4217,0.0844
181.4413,-7.1117,0.0
181.7198,71.6384,0.0
181.8558,52.6051,0.0
181.911,30.8051,0.0
181.9609,30.6051,0.0
181.9885,14.9551,0.0791
182.0368,24.4051,0.0
182.0605,30.9718,0.0
182.2214,64.0718,0.0
182.634,30.5552,0.0
182.5189,-16.8282,0.0
182.6837,30.8552,0.0
182.7123,15.8719,0.0
182.7418,-5.5782,0.0
182.7323,35.2886,0.0
182.7781,72.0886,0.0
182.8665,-3.8781,0.0
182.958,30.5719,0.0
182.9582,29.9886,0.0
183.1185,-11.8114,0.0
183.1335,27.4886,0.0
183.136,18.622,0.0
183.2387,7.8886,0.0
183.2559,34.172,0.0
183.3141,6.0387,0.0
183.3092,23.9387,0.0
183.3573,29.2387,0.1429
183.3407,59.2721,0.0941
183.5328,26.6554,0.1669
183.5559,31.6554,0.0
183.5615,14.7554,0.0
183.46,74.3888,0.0
183.5344,63.2221,0.0
183.793,-8.2279,0.0
183.8096,19.4388,0.0
183.8317,27.5222,0.1836
183.9097,18.6888,0.0
183.9546,31.7722,0.0
183.9598,59.9722,0.0592
184.0349,17.4889,0.0
184.0775,35.6223,0.0
184.1311,27.1889,0.0
184.1972,-19.2445,0.0
184.2214,45.2223,0.0
184.2528,72.8224,0.0
184.483,20.6557,0.1995
184.6793,27.9725,0.0
184.7386,5.2391,0.0
184.7925,-5.0109,0.0
184.7471,63.5059,0.0
184.8295,26.9225,0.0
184.8958,-13.2609,0.0
184.896,-13.6942,0.0
184.9643,49.1893,0.0
185.313,6.1393,0.0
185.4372,7.8394,0.1369
185.5161,-1.1439,0.259
185.5344,13.7394,0.0
185.7099,12.2229,0.0
185.7218,58.9063,0.0
185.8166,61.223,0.0
185.7146,2.0895,0.0
186.0215,57.7064,0.0
186.1049,20.7897,0.0
186.1401,0.9064,0.2319
186.0142,61.5064,0.0
186.3488,-15.6602,0.0
186.2128,77.1232,0.0
186.6554,-25.8267,0.0
186.5688,56.89,0.0
186.5816,62.5567,0.0
186.7883,4.2234,0.0
186.8606,8.8401,0.0892
186.9031,49.4402,0.0
186.9467,30.3735,0.0
186.9259,63.4235,0.0
187.0549,47.4069,0.0
186.9967,64.6069,0.0
187.1488,26.757,0.0
187.2537,19.4237,0.1611
187.247,28.9404,0.0
187.3032,47.7071,0.254
187.4149,36.6571,0.0
187.4584,11.7404,0.0837
187.7089,10.5739,0.1652
187.7553,15.9573,0.0
187.9994,-13.3926,0.0
188.3312,-22.0091,0.0
188.141,62.841,0.0
188.5001,-13.5756,0.0
188.2733,67.1077,0.1042
188.5298,15.1745,0.0
188.2868,69.3577,0.0
188.5555,41.1745,0.19
188.5353,54.0579,0.0
188.7393,1.8413,0.0
188.8042,41.3581,0.0
188.7546,64.3747,0.0
189.0193,26.7415,0.0
188.9589,53.4082,0.0
189.0779,16.5915,0.0784
189.1002,19.8082,0.0
188.1756,83.3411,0.209
189.1768,-14.6918,0.0
189.177,-14.9418,0.0
189.2237,-10.7084,0.0
189.3185,26.8084,0.0
189.2046,63.1917,0.0
189.4658,-0.2749,0.0
189.5238,43.0586,0.0
189.4658,65.8419,0.0
189.2587,77.9251,0.0
189.9383,2.7422,0.0
189.856,52.0922,0.0
190.1291,-15.9577,0.0
190.2066,-18.5743,0.0
190.3299,-16.4909,0.0
190.2821,9.9425,0.0
190.2903,27.5425,0.0
190.3946,-4.7908,0.0
190.3991,18.5926,0.0718
190.033,73.1424,0.0
190.3576,49.9093,0.0
190.5123,29.7927,0.0
190.5081,33.3094,0.0
190.5398,27.4927,0.0
190.6552,-16.4239,0.0
190.5977,19.7428,0.0
190.2633,72.2259,0.0
190.6128,29.1095,0.0
190.6881,2.8095,0.0
190.7562,-17.2738,0.0
190.8825,8.9763,0.0
190.8642,27.293,0.0
190.9799,-15.557,0.0
190.9875,-23.107,0.0
191.0103,-20.9236,0.0
191.1516,-11.9901,0.0
190.6835,76.143,0.0
191.4051,33.3935,0.0
191.6134,26.427,0.0891
191.7835,30.0272,0.0
191.8215,18.9106,0.0
191.9183,-2.8061,0.0
191.8506,35.5606,0.0
191.567,69.6771,0.0
191.926,48.8774,0.0
191.91,55.0441,0.0833
191.8961,59.1941,0.0
192.2545,10.861,0.0
192.309,28.5111,0.0
192.4421,-1.5889,0.0
192.1788,62.6777,0.0
192.3961,49.8279,0.2855
192.426,47.7279,0.0
192.5815,8.6446,0.0
192.7382,-20.7886,0.0
192.6293,31.3281,0.0
192.7763,13.3282,0.0
192.7577,28.6115,0.0
192.9114,3.9283,0.0
192.9357,4.5617,0.0649
193.2076,-15.4381,0.0508
193.2562,28.8121,0.1962
193.4969,-26.3878,0.0
193.498,-6.6877,0.0
193.5756,-8.9377,0.0
193.367,62.8123,0.0
193.4873,50.8124,0.0
193.6684,18.9958,0.0
193.7539,10.1626,0.0
193.6161,62.5625,0.0
193.9549,28.4462,0.0
194.0581,6.3962,0.0
193.9766,44.0796,0.1981
194.3115,-17.3535,0.0449
194.3334,-14.8701,0.0
193.9402,62.1629,0.0
194.3657,20.0966,0.0
194.7502,-26.6197,0.0
194.6536,9.7636,0.0
194.6926,-1.753,0.0845
194.8456,-4.1862,0.0825
194.9323,-13.4861,0.0
194.9014,11.3473,0.0
194.85,30.0139,0.0
194.5645,65.3803,0.0
194.953,27.9807,0.0232
194.9904,19.5974,0.0
195.2948,-3.4356,0.0
195.3858,3.6812,0.0
195.3032,50.3312,0.0
195.45,29.0813,0.1671
195.6297,8.3148,0.0
195.6937,-2.5184,0.0
195.9241,-24.2182,0.0
195.8031,26.6818,0.0
195.6958,51.8984,0.0
195.8192,31.8151,0.1648
195.9642,19.2653,0.0
196.0643,19.0821,0.0
196.0874,20.3321,0.0
196.3726,-22.6509,0.0
196.1898,33.5656,0.0
196.1196,51.5156,0.0
195.8831,67.4987,0.1055
196.3125,34.5491,0.184
196.2309,47.7824,0.0
196.469,30.8993,0.1832
196.244,62.2491,0.0
196.6418,31.7996,0.1699
196.6749,39.7996,0.0
196.2538,71.8659,0.0
196.7072,46.5497,0.0
196.5495,71.8663,0.0
197.3005,10.4171,0.0
197.2092,34.7504,0.197
197.6821,21.8677,0.0
197.4561,58.4008,0.0
197.8724,-4.6821,0.0
197.8925,-1.3654,0.181
197.811,19.3845,0.0
197.8468,39.2013,0.0722
198.0669,-0.9318,0.0
197.8204,48.4846,0.0
197.9086,34.0014,0.0
197.9577,61.6682,0.0
198.14,49.5518,0.0
198.2256,46.2519,0.1829
198.5262,-7.0145,0.0
198.726,-22.0476,0.0
198.6673,28.7192,0.0
198.3834,61.0022,0.0
198.6273,45.1192,0.0
198.7529,51.8194,0.0
198.6049,64.5859,0.0
198.4305,72.869,0.0
199.0862,41.3865,0.0
198.9211,58.2197,0.0
199.22,46.4868,0.0
199.6767,-21.4627,0.0
199.4531,43.6371,0.0
199.6726,10.9707,0.0
199.6026,34.2707,0.0
199.7905,58.0711,0.0
200.1529,33.4549,0.0
200.192,37.7383,0.0
200.2266,33.905,0.0
200.2065,41.4383,0.0
199.8704,66.8379,0.0
200.3201,36.3885,0.0
200.5103,3.0887,0.0
200.5565,19.3888,0.0
199.929,70.1047,0.0
200.5172,37.2055,0.0
200.6493,23.0057,0.0
200.97,-16.7939,0.0
200.8105,17.0893,0.0
201.0573,-23.0438,0.0
200.9209,11.2728,0.0
200.9962,-3.3605,0.0
200.9019,21.4561,0.0
200.6832,58.1725,0.0
201.252,-20.2268,0.0
201.5366,2.2071,0.0
200.9732,55.2064,0.0
201.5183,12.3905,0.0
201.7173,-27.1093,0.035
201.3476,49.557,0.0
201.2824,57.6069,0.1146
201.5584,29.4406,0.0
201.5255,41.6573,0.0
201.0178,71.4732,0.0
201.8158,13.5743,0.0
201.884,3.6078,0.0
201.4699,59.3072,0.0
201.7008,53.8243,0.0
201.9422,35.458,0.0
201.8062,52.6245,0.0
202.4555,18.4089,0.0
202.3846,37.6255,0.059
202.7189,-1.8407,0.086
202.8262,-5.7405,0.0
202.7246,31.7594,0.0
202.9064,4.843,0.0
203.0126,-11.6569,0.0
202.9348,15.9597,0.0
202.6134,62.2093,0.0
203.3873,-23.2729,0.0
203.1337,50.5102,0.28
203.5,20.2441,0.168
203.525,20.2109,0.1711
203.1934,57.6437,0.0
203.8929,23.0949,0.0
203.8187,40.9615,0.187
203.6735,59.9113,0.0
204.2197,10.4288,0.0
204.2683,32.4624,0.0
204.0014,59.212,0.0701
204.6689,-13.9537,0.0
204.8046,27.7634,0.0
205.0129,41.2806,0.0
205.5489,-26.2686,0.0
205.5136,-11.0853,0.0
205.5358,2.2481,0.1773
205.2914,40.0145,0.1691
205.4816,26.3648,0.0696
205.2511,58.0311,0.0
204.8382,71.6138,0.0
206.0392,-11.1342,0.0
205.8085,47.6156,0.0
206.1593,2.8828,0.0
206.1207,29.8495,0.0762
206.2357,13.6997,0.0
205.8392,55.599,0.0766
206.4031,5.75,0.0
206.1698,38.1496,0.2136
206.3677,44.9834,0.0
206.4733,36.8003,0.0
206.298,53.7666,0.0
206.5381,39.6504,0.0
206.5697,54.0339,0.0
207.2252,-25.4484,0.0
206.9906,30.8347,0.0
207.086,32.2849,0.0849
207.5533,-26.331,0.0
207.2522,26.5852,0.0616
207.5673,-11.9142,0.0
207.3812,25.0022,0.0
207.0171,57.5849,0.0
207.3501,35.4355,0.0
207.4226,28.069,0.0724
207.6535,5.3194,0.0
207.855,-26.7136,0.0
206.6556,70.8343,0.0
207.2932,49.2355,0.0
207.2919,57.3688,0.0
207.7154,21.3029,0.0
208.0877,-9.7464,0.0
208.0439,9.4036,0.0
208.3286,5.1542,0.0788
208.1448,36.254,0.0
207.4418,71.0194,0.0
208.2642,37.7042,0.0
208.3717,35.5211,0.0
208.5303,14.9047,0.0
208.6061,4.0215,0.0
208.9313,-26.3612,0.0
208.5685,28.5716,0.0
208.5984,26.8883,0.0
208.8052,24.3554,0.0
209.0649,10.7726,0.0
209.0105,30.8059,0.0
209.6299,-25.3762,0.0
209.1808,44.9231,0.0
209.4217,26.8402,0.0
209.4892,20.657,0.0618
209.4601,30.5903,0.0
209.5612,21.7072,0.0668
209.5951,18.3906,0.0
209.5577,38.2906,0.0
209.4424,47.407,0.0
209.7924,27.9911,0.0733
209.8125,29.5411,0.0
210.0542,4.6249,0.0
209.6796,49.541,0.0
210.2585,2.8588,0.0
210.4191,-11.6076,0.0363
210.4429,-11.1575,0.0376
210.0696,41.0585,0.0
210.6273,-4.8404,0.0
210.3828,30.5759,0.1104
210.48,23.3094,0.0
210.5454,17.7929,0.0
210.63,14.1431,0.0
210.6643,10.5098,0.0
210.813,-9.1066,0.0
210.9325,-25.3731,0.0
210.6814,22.7266,0.0
209.5305,74.1243,0.0
210.9013,15.4271,0.0
210.9426,9.1271,0.0
209.8346,72.125,0.0
211.0003,15.7606,0.0
211.392,-19.7719,0.0
211.0794,31.0776,0.0
211.2608,47.0781,0.0
211.5227,25.112,0.0
212.1079,-24.7701,0.0
211.9764,-4.3203,0.0
211.2895,60.095,0.0988
211.9041,13.9629,0.0
211.8634,27.8129,0.0
212.0236,6.5465,0.0
211.8901,27.2629,0.0
212.0764,5.4466,0.0
211.4772,58.6621,0.0
212.448,6.7143,0.0
212.2761,31.1473,0.0
212.338,27.6141,0.0
212.3319,29.4474,0.0
212.698,6.6483,0.0
213.1015,-13.5008,0.0
212.2619,61.9475,0.1508
212.9349,28.149,0.0776
212.9294,29.749,0.0
213.1277,14.0327,0.0
213.3784,-14.0667,0.0
212.6083,59.7817,0.1241
213.2057,29.2164,0.254
212.6133,63.5985,0.0
213.3028,22.3999,0.1413
213.5471,6.8505,0.0
213.6663,-0.3326,0.0
213.9064,-23.2487,0.0
212.9631,61.3827,0.122
213.4446,43.6671,0.0
213.6868,27.1343,0.0
214.1162,17.5854,0.0
214.277,13.8692,0.0
214.173,30.719,0.186
214.3929,8.1861,0.057
214.3822,28.0362,0.0
212.4811,78.7321,0.0
213.243,74.3338,0.0
214.4174,43.3697,0.0
213.6103,71.2346,0.0
214.6682,37.787,0.0
215.24,-8.7783,0.0
215.1406,25.1549,0.0
215.3394,17.6888,0.0536
215.2741,36.022,0.0
215.2546,40.322,0.0
215.4431,37.2892,0.0
215.7068,27.3565,0.0
215.5328,48.5562,0.0708
215.9174,16.4737,0.0
215.9394,17.4238,0.0
215.575,49.7063,0.0
215.9846,26.424,0.0
216.0148,24.924,0.0
216.0886,25.2076,0.0
216.1083,38.9577,0.1913
216.4076,26.7418,0.0
216.7158,16.676,0.0533
216.5124,37.8256,0.1712
216.6613,32.1759,0.0
217.0893,-8.1564,0.0
217.0047,20.0269,0.0
216.2898,63.1586,0.1415
217.4245,5.3947,0.0
216.8205,55.7766,0.131
217.3188,23.0945,0.1352
217.5021,20.595,0.0
217.5053,19.6283,0.0
217.8851,-22.3708,0.0
217.1085,56.8608,0.0
217.6378,24.6454,0.0
217.7589,25.6624,0.074
218.0519,4.5298,0.0
217.9688,29.5298,0.2191
218.16,31.6137,0.1313
217.9989,44.2633,0.0
218.0563,47.0968,0.0
217.2724,70.1283,0.0
218.3434,29.4475,0.2195
218.9763,-19.3175,0.0
218.6193,54.8153,0.1386
218.6097,58.2653,0.1382
219.4412,-0.266,0.0
219.3092,24.8338,0.0883
218.8649,55.1494,0.1396
219.3868,30.5007,0.0
219.6541,3.668,0.224
219.4128,30.2341,0.0
219.462,30.4176,0.0
220.0382,-22.281,0.0
219.4663,40.2177,0.0
219.5202,39.4345,0.0
219.4154,48.601,0.0
220.0071,18.1359,0.0
220.124,13.0695,0.0
215.9877,83.2926,0.0
220.2676,28.6368,0.248
220.4729,13.2873,0.0
220.5175,28.5209,0.181
221.0047,-4.5278,0.0
220.7289,31.6549,0.0
220.7807,31.2051,0.241
220.8067,30.9718,0.2284
220.9824,17.7056,0.0
221.1264,19.3394,0.1876
221.13,31.1895,0.232
220.7293,55.2052,0.0
221.2036,31.4731,0.0
221.6938,-8.7756,0.0
221.3051,36.4568,0.0
221.0376,58.8895,0.0
221.8086,9.7749,0.0
221.7008,31.858,0.0
220.9709,63.6894,0.0
221.9214,13.3586,0.0
221.9915,14.7921,0.0
222.0829,23.9425,0.1189
222.0689,27.4425,0.0
220.7902,74.8227,0.0
221.5785,69.1582,0.0
222.5935,20.9608,0.1169
223.0513,-24.488,0.0
222.6915,14.5944,0.0
222.751,31.2781,0.1687
222.8866,22.6618,0.1152
223.3513,-24.3703,0.0
222.8034,30.7282,0.0
223.1833,16.7461,0.0441
223.0899,27.9458,0.1231
223.3207,5.9298,0.0
223.2889,21.9131,0.1182
223.22,32.363,0.0
223.3682,20.78,0.116
223.5963,5.6974,0.0
223.4387,28.0803,0.1269
223.6259,18.6309,0.0586
223.3983,45.197,0.0
223.9842,1.8486,0.0
224.06,-5.8345,0.0
223.2099,58.0466,0.0
224.3511,-23.917,0.0
223.9701,20.0654,0.2499
224.2353,1.4995,0.0
223.5237,54.3142,0.1032
223.6466,54.4647,0.0
224.2593,22.7497,0.1122
223.258,68.3637,0.0
224.6716,19.4511,0.2172
224.6498,24.9344,0.064
224.6875,27.8179,0.1257
224.8955,19.6685,0.1164
224.7128,38.0014,0.0
225.0066,23.1356,0.181
225.0636,21.3691,0.153
221.8772,81.1437,0.0
224.9584,49.7524,0.0
225.4568,16.5204,0.1511
224.6942,60.5017,0.0
225.8974,-16.0283,0.0
224.8994,55.9856,0.0
225.6761,11.2045,0.0
225.6305,23.1711,0.0
225.3016,47.2702,0.0
225.7384,27.1881,0.0
225.9377,7.922,0.0578
225.8808,23.0219,0.0994
226.0822,28.4227,0.0564
226.4554,2.8571,0.0
226.3737,47.1239,0.0
226.6768,34.4581,0.0
227.1414,-0.2738,0.0
226.8281,42.7588,0.0
227.3884,7.5271,0.0772
227.7447,5.7617,0.0767
227.8157,-0.0881,0.0
227.9811,-11.1876,0.0
225.1675,77.8043,0.0
227.8675,6.3621,0.0
227.5547,33.5279,0.0
228.0372,-6.054,0.0
227.8733,18.0623,0.1163
226.31,72.2077,0.0
228.0592,15.2296,0.0
228.1547,9.7965,0.0
228.1884,7.43,0.0456
226.7389,68.8757,0.0
227.8378,36.5456,0.0
228.1795,16.43,0.0
228.2126,14.3134,0.0
228.5504,-2.7521,0.0
228.1714,34.8468,0.0
225.8308,78.1233,0.0
228.8244,4.3822,0.0945
228.6862,31.782,0.0
229.09,0.0999,0.1183
229.1939,-0.9498,0.0
229.1896,7.0003,0.0348
229.3179,-0.6827,0.1127
228.6445,54.7822,0.0
229.6924,6.2021,0.053
229.8014,28.2694,0.0763
230.2555,-10.6626,0.0
228.4518,71.8488,0.0
230.0732,28.8371,0.0
230.5865,-12.1614,0.0
230.3138,30.6546,0.0768
230.3314,32.088,0.0
230.7578,8.6394,0.0337
230.2476,48.638,0.1076
230.6776,27.7226,0.0721
230.9865,1.0402,0.0
230.8116,30.9065,0.0732
229.4558,71.4858,0.0
230.9914,29.8905,0.116
231.0628,35.2408,0.0
231.1773,37.0079,0.0
231.469,18.2089,0.0
231.423,28.4088,0.0
230.6779,63.7566,0.0
229.9178,74.0043,0.0
231.5293,44.126,0.0
231.0321,62.0412,0.0
232.4661,-13.0043,0.0
232.0197,28.8777,0.0662
231.8954,41.7274,0.0
232.6332,-10.987,0.0
232.6771,3.4467,0.0
232.3596,30.7457,0.1143
232.5343,35.2964,0.342
232.9118,7.3643,0.0
231.0307,72.3751,0.0
231.1856,71.5923,0.0
232.7621,38.864,0.0
233.1722,28.0155,0.0743
232.4325,61.5632,0.0
233.5751,10.2335,0.0
233.3308,31.1495,0.0669
233.5717,37.0338,0.0
234.1484,-2.031,0.0
233.699,40.5177,0.0
233.8443,37.3349,0.0
233.8549,39.5849,0.0
232.77,69.5149,0.0
233.9005,43.7352,0.0
234.0919,37.6359,0.1533
234.5162,12.2872,0.0
233.0959,70.1662,0.0
234.974,-2.1611,0.0
235.0285,-3.2942,0.0
232.7587,74.0819,0.0
234.7393,33.6717,0.0
234.9496,21.7724,0.0421
235.017,17.8893,0.0919
235.1664,6.0231,0.0
234.9304,30.7057,0.0978
234.9097,34.4057,0.229
234.9733,36.2893,0.0
235.3967,4.674,0.0
235.1026,43.0233,0.0
233.9678,70.0529,0.0
235.5529,42.8251,0.0
235.5708,43.7585,0.0
235.6352,41.8087,0.0
236.2518,9.5108,0.0
235.9822,34.4933,0.0
234.7705,69.7894,0.0
236.122,36.1272,0.0
236.7737,-8.1706,0.0
236.2472,36.0611,0.0654
235.243,66.3078,0.2465
236.6773,25.9794,0.0
234.4327,76.2554,0.0
237.2279,-3.052,0.0
237.1054,20.0477,0.0
236.9676,36.564,0.0
237.1454,36.0647,0.0
235.8726,70.2105,0.0
237.4684,36.2827,0.0
236.1409,71.0117,0.0
238.2527,50.5695,0.0
238.3217,51.1198,0.0
238.1694,62.0362,0.0
239.156,33.7563,0.0
238.3471,65.387,0.0
239.144,48.6565,0.0
239.445,35.4575,0.0
239.5672,27.2246,0.0899
239.5074,37.3912,0.0
238.1445,70.5199,0.0
240.0824,33.2602,0.0
239.0195,66.3399,0.0
240.5716,15.8954,0.0356
240.8249,25.4632,0.0442
240.4087,53.8786,0.0
239.3513,71.3916,0.0
241.3125,17.7485,0.0371
241.3435,16.4486,0.0374
241.7041,14.0835,0.0
240.617,65.0965,0.0
241.8262,25.0008,0.0
240.1621,73.1952,0.0
241.8694,47.8513,0.0
242.0613,43.0021,0.1349
242.89,16.9719,0.0
242.873,29.9387,0.0
241.3568,71.5168,0.0
243.125,29.5398,0.032
243.8922,-6.124,0.1698
242.6049,60.4048,0.0
243.5405,26.6749,0.1286
243.0478,55.9733,0.0
243.5679,38.4252,0.0
243.2712,54.1575,0.0
243.5276,49.1252,0.0
244.2084,23.1777,0.0
242.6172,71.6556,0.0
244.1869,42.3946,0.1387
245.076,8.898,0.0
244.0619,61.0779,0.0
245.0954,29.915,0.0978
243.3723,71.4255,0.0
245.2437,25.749,0.0769
245.3745,24.6495,0.0928
245.06,42.4151,0.136
245.0386,47.6651,0.0
242.6433,77.4898,0.0
245.7753,14.4178,0.0
245.382,42.7165,0.1365
245.2621,50.1995,0.055
244.2017,70.5957,0.0
246.2521,28.5368,0.0
246.0675,41.2528,0.1825
246.2955,33.7371,0.0
244.7174,72.4315,0.0
246.4968,43.6881,0.0
246.9165,25.8731,0.0
246.655,42.6722,0.1868
247.0383,21.7735,0.0
246.2454,57.1707,0.0
246.6513,48.5389,0.0
246.8393,41.4896,0.1332
247.0436,40.9072,0.0303
247.0197,43.8238,0.0798
247.154,39.5243,0.0303
247.3531,28.175,0.0
246.7439,55.4562,0.0
247.3219,48.8253,0.0
245.7135,73.3527,0.0
248.1903,5.5785,0.1523
248.1315,12.8783,0.0
247.7476,43.3271,0.0
246.9295,65.4241,0.0
247.3957,58.5092,0.0
246.0988,73.5711,0.0
248.6907,5.4808,0.1465
248.516,40.9305,0.1355
248.3651,49.2633,0.0
249.1373,41.2833,0.1597
249.4378,37.9013,0.0
249.5254,48.0519,0.0
248.6332,67.6653,0.0
250.177,27.9045,0.0
248.9749,66.2167,0.171
250.088,46.6877,0.0
249.9089,53.7538,0.1106
250.2691,43.2551,0.0
250.2731,42.7885,0.0
250.6294,27.4232,0.0
250.8533,13.3407,0.1504
249.9313,55.7539,0.0
249.5981,67.0529,0.0
250.7628,51.2743,0.0
251.9383,29.9293,0.0
250.7098,65.6246,0.0
251.7907,48.5956,0.0
251.6163,56.495,0.0
251.8728,61.7464,0.0
253.1158,43.1683,0.0
252.6899,56.4333,0.0
253.7413,40.0211,0.1511
252.5962,71.4671,0.0
253.8302,55.2386,0.0
254.412,37.2242,0.0
253.7971,58.9052,0.0
253.5187,66.7377,0.138
254.9192,32.5432,0.0635
254.3907,54.4245,0.0
255.4516,35.0624,0.0
255.6834,34.0468,0.097
255.687,33.5301,0.0
255.183,64.212,0.225
251.8421,81.566,0.0392
254.4485,77.01,0.0663
257.4293,34.455,0.0809
257.69,39.6897,0.0654
258.1398,24.8082,0.0
258.4725,49.3936,0.1147
258.7722,38.6615,0.0
259.4176,19.7143,0.0
258.1293,64.0926,0.08
255.9313,78.7174,0.0601
259.4908,32.5815,0.1054
259.7214,31.7159,0.0
260.0471,27.6507,0.0
258.3686,72.1277,0.0
260.6181,32.1535,0.0
260.8198,23.7544,0.0
260.8011,26.9376,0.1051
260.9372,29.1883,0.0
257.8417,77.4261,0.0
261.1681,32.1062,0.1671
260.7443,61.0216,0.0
261.6922,55.3426,0.0
261.9468,49.1603,0.0
261.8195,55.1765,0.2377
259.323,78.0167,0.0568
263.2288,40.5996,0.0
263.4383,42.3839,0.0
260.9803,77.4245,0.0
263.9958,53.1869,0.0
263.7222,64.0361,0.0
263.0919,70.9003,0.0
265.0589,39.8917,0.0
265.8878,24.7455,0.0
265.7777,63.746,0.0
265.7547,64.646,0.0
265.6961,71.7963,0.0
266.1167,69.6481,0.183
268.0789,54.2734,0.0
268.5828,42.8255,0.0
268.3336,52.0746,0.0
265.0057,79.5779,0.0
268.2647,59.6912,0.0
268.4941,58.0756,0.0
267.6121,73.3225,0.0
269.2202,51.1455,0.0
269.31,53.8294,0.0
270.3266,57.6345,0.0
260.8178,85.88,0.0
269.9824,69.2168,0.0508
268.4916,77.6776,0.0
271.4869,42.373,0.0
271.7065,50.2242,0.0
272.2727,43.9435,0.0
271.1164,76.6734,0.0
273.6922,69.6515,0.0874
274.9866,57.1404,0.0
270.136,82.8879,0.0
274.8966,68.924,0.0
275.6954,71.3614,0.0
276.2799,74.7147,0.0
278.5159,61.1742,0.0
278.391,71.0244,0.0
280.5144,77.7023,0.0
281.8595,73.3079,0.0
282.4298,70.3769,0.0
283.4093,68.3647,0.0
282.5733,78.3955,0.0
282.8765,78.9972,0.0
285.2062,69.9566,0.0
283.8359,80.0353,0.0
287.0718,69.0652,0.211
286.3246,78.1464,0.0
290.1889,43.9619,0.0564
289.1297,70.9915,0.171
292.8335,73.4085,0.0
300.097,73.2066,0.0
299.2772,80.1877,0.0
306.0748,-20.3041,0.0
307.5442,-24.9151,0.0
307.5413,69.8695,0.0
306.7546,82.6019,0.0
312.0579,-17.8148,0.147
313.9266,-9.9914,0.0
314.4471,-22.0396,0.1138
314.5433,-7.7559,0.0
314.8766,-16.9381,0.0
315.21,-19.2369,0.0
316.0579,-25.2507,0.0
316.5182,-21.7825,0.0
316.8154,-21.1648,0.0
319.3662,-22.3398,0.0
320.2541,-26.1204,0.0
320.2866,-21.4536,0.1128
320.3067,-12.7868,0.0
320.4177,-23.1865,0.0
320.4811,-12.6529,0.0
320.6078,-5.3858,0.0
321.4075,-20.7834,0.1447
321.7784,-12.1323,0.0
321.9811,-13.0317,0.0
322.3861,-22.2138,0.1196
322.4245,-11.047,0.0
322.8544,3.9377,0.0
323.0085,-5.8952,0.0
323.6057,-13.3935,0.0
323.6133,-15.8268,0.0
323.5957,-1.5935,0.0
323.9601,-14.9092,0.0
323.837,1.3905,0.1244
323.9407,0.1242,0.1161
324.1617,-23.242,0.0
324.2627,-15.875,0.0
324.0237,14.4411,0.0
324.2852,-15.0582,0.0
324.7824,-14.3235,0.0
325.1819,-14.2724,0.0
325.2645,-8.3221,0.0
325.5,-20.3048,0.0
325.7446,-18.6875,0.0
325.7101,-6.8709,0.0542
325.7135,-8.0875,0.0
326.0231,-19.9701,0.0
326.143,-18.3364,0.0
326.2213,-19.4695,0.0
326.2862,-24.2027,0.0
326.3227,-19.9692,0.0
326.1631,1.0637,0.0
326.3113,-7.4192,0.0
326.4949,-19.1354,0.0
326.4668,-9.4355,0.0
326.4935,-10.0354,0.0808
326.822,-19.9845,0.0
326.864,0.749,0.0
327.6035,-4.7158,0.0
327.7351,2.2846,0.0
328.0078,-15.6481,0.0648
328.0488,-21.198,0.0
328.0689,-19.5479,0.2384
328.2805,-23.5307,0.0
327.9462,25.1352,0.0
324.666,83.1113,0.0
328.3947,8.2363,0.0615
328.5262,-3.9634,0.0
328.3942,17.6697,0.0
328.6559,-15.2464,0.0
328.5894,0.6201,0.0
328.6996,-3.3463,0.0
328.9167,-19.2291,0.0
328.8186,8.7541,0.0
328.9089,12.4876,0.0
329.0377,1.3379,0.224
329.0245,6.5213,0.0
329.3856,-7.7945,0.0587
329.4448,-11.3777,0.0881
329.718,-20.0937,0.0
329.6655,-9.7605,0.0
329.7376,-18.1937,0.0
329.8523,-14.4101,0.0
329.8864,-17.8266,0.0
330.2381,11.3076,0.0
330.2729,7.391,0.0
330.326,6.1745,0.0
330.2377,20.9576,0.0
330.5152,-9.8918,0.0806
330.6367,-8.5248,0.0
331.0446,-21.4405,0.0735
331.0388,11.3095,0.0
331.17,8.8098,0.0
331.3542,-5.5898,0.0597
331.2549,-25.2234,0.0
331.8264,-24.422,0.0
332.2556,-26.1877,0.0
332.3241,17.7959,0.0
332.594,-12.1869,0.0838
332.6654,-10.6867,0.0
332.6516,6.3466,0.0
332.678,5.7633,0.0
333.2116,13.0645,0.0
333.4029,5.9483,0.0
333.6139,-10.368,0.0
333.8709,-23.8508,0.0
334.0613,-9.3503,0.0
334.2715,9.0668,0.0
334.5608,-9.2826,0.0
334.4969,8.934,0.0
334.5001,7.4506,0.0
334.6109,14.0175,0.0
334.8214,-14.2154,0.0
334.7467,9.1178,0.0
335.1218,-2.7981,0.0
335.2136,13.0855,0.0
335.4736,-15.5807,0.0
335.6399,0.553,0.0
335.9692,-1.5964,0.0904
336.4224,-3.2788,0.0
336.454,-6.5787,0.0
336.531,17.3381,0.108
336.89,-23.8446,0.324
336.6871,25.8217,0.0
337.4258,-5.1935,0.0
337.6333,4.0735,0.0
337.9317,-8.4426,0.081
338.088,14.8911,0.0
338.2576,-9.042,0.0
338.3097,3.4081,0.0
338.432,-8.7917,0.0
338.3349,16.5915,0.0
338.5555,5.7919,0.0
338.716,-13.6911,0.0
338.7689,-15.2911,0.0
338.9383,1.4759,0.0597
338.9069,18.5259,0.0
339.1442,-15.6571,0.0736
339.4088,17.9267,0.0
339.7038,-21.0894,0.0
339.7715,-17.356,0.0698
339.6846,3.7106,0.0
339.7977,-3.9559,0.0
339.8757,-5.7391,0.0
340.1277,-20.9054,0.0
340.0307,6.0611,0.0
340.1271,8.2113,0.0
340.1201,12.2613,0.0656
340.1362,17.2446,0.0
340.4539,7.2618,0.1078
340.4611,17.5285,0.0
340.6136,-13.5379,0.0
340.7503,-20.2043,0.0
340.6537,7.4622,0.0
340.7681,13.779,0.0
340.9943,-17.1206,0.0
341.1452,-17.7037,0.0
341.2628,17.1965,0.0
341.5196,-17.6864,0.0
341.7013,-21.6528,0.0
341.7706,-3.0194,0.0
341.8332,4.9807,0.0
342.0638,1.3977,0.0
342.1411,-16.1188,0.0
342.1892,17.1646,0.0
342.3489,-20.9518,0.0
342.3784,-23.5518,0.0
342.2991,-5.4186,0.0
342.3216,-3.7852,0.0
342.3616,18.8815,0.0
342.6205,-19.2514,0.0
342.6822,-26.0347,0.0
342.5658,16.5151,0.0
342.5996,10.8985,0.0
342.7407,-16.4013,0.1233
342.7963,-19.9178,0.0
342.9947,14.3324,0.0
343.2807,-25.9671,0.0
343.4545,-25.4669,0.0
343.4936,15.4665,0.0
343.7645,-16.5498,0.0
343.696,29.4668,0.0
344.0367,-14.9161,0.0
344.1166,-0.5326,0.0
344.1475,13.3341,0.0331
344.1834,5.5008,0.0
344.3211,14.4843,0.0
344.4713,-21.7322,0.2306
344.5653,0.4346,0.0
344.7259,-7.6152,0.0
344.9027,10.1017,0.0
344.8544,26.2517,0.0
345.0723,-23.198,0.0
344.9215,31.0517,0.0
344.9913,18.5185,0.0
345.0521,10.6352,0.0
345.1985,-24.1645,0.1351
345.2354,-15.0812,0.0
345.1728,14.0021,0.0
345.5695,-21.9807,0.1359
345.473,14.0524,0.0
345.8873,-17.1637,0.0
345.7936,17.7362,0.0
345.9038,-10.5803,0.0
346.0216,-24.0302,0.0
346.2978,-25.3132,0.0
346.4171,-21.3964,0.0955
346.5814,-13.2462,0.0
346.5172,19.6037,0.0
346.7419,-21.6794,0.1741
346.6552,28.5038,0.0
346.8086,-15.2126,0.0
346.8929,-22.6625,0.1976
346.6847,40.6539,0.0
346.9425,-22.4291,0.1971
347.0683,-2.179,0.0
347.1638,-19.8789,0.0817
347.1908,-21.4788,0.1735
347.3663,-22.162,0.1297
347.517,-22.9618,0.1018
347.519,-24.4952,0.1603
347.5073,-14.9118,0.0
347.5776,-10.8118,0.0
347.535,5.3882,0.0
347.6913,-22.6616,0.1119
347.7144,-21.1283,0.1492
347.8383,-20.4281,0.1101
347.8296,-12.8115,0.0
347.8898,-21.7448,0.1543
347.8325,7.8718,0.0
347.8621,3.5885,0.0
348.0933,-24.9445,0.0
348.1141,-21.4779,0.106
348.1898,-22.2111,0.1385
348.2639,-21.6277,0.0865
348.2586,-16.9777,0.0
348.2052,10.3055,0.0
348.28,-13.6944,0.0796
348.3075,-15.9777,0.0
348.4007,14.7391,0.0
348.4044,32.4224,0.0
348.6052,-14.2774,0.0
348.7018,14.0894,0.0
348.962,-21.1104,0.1271
348.9862,-20.377,0.0821
349.0717,-6.1436,0.0
349.2377,-22.1934,0.1398
349.4778,-12.8599,0.0
349.539,1.9735,0.0
349.6429,-2.2597,0.0
349.5983,18.7402,0.0395
349.818,-2.4429,0.0
349.8135,2.5737,0.0
349.9612,-22.0761,0.0
349.9866,-22.5094,0.0
350.1866,-22.9592,0.0
350.1947,-4.5259,0.0
350.285,-21.5592,0.0
350.4114,-23.2257,0.0
350.4554,-16.959,0.0
350.4384,2.9409,0.0
350.5584,-20.4256,0.0
350.5161,27.5576,0.1196
350.7138,-26.2421,0.0
350.8579,-20.4254,0.0
350.8847,-22.4087,0.0
350.9335,9.158,0.0
351.0022,16.8247,0.0421
351.0892,2.0915,0.0
351.0906,0.2915,0.0
351.0762,18.1414,0.0
351.1292,14.6415,0.0433
351.1345,8.0748,0.0
351.2323,-20.5251,0.0
351.2598,-23.4084,0.0
351.3252,-12.1083,0.0852
351.4181,27.825,0.0
351.6593,-23.7747,0.0
351.6831,-22.4081,0.0
351.6848,-24.4247,0.0
351.6745,21.3086,0.0
351.985,-25.3412,0.0
352.1323,-22.5244,0.0
352.2577,-23.3576,0.0
352.4057,-21.2075,0.0
352.4332,11.2924,0.0
352.6306,-21.6574,0.0
352.6341,-26.0907,0.0
352.6042,17.2759,0.0
352.6017,20.6259,0.0
352.7282,-18.6407,0.0
352.7992,-12.9406,0.0
353.2294,-21.5737,0.0
353.2557,-23.557,0.0
353.3124,5.6097,0.1832
353.3351,9.4763,0.0
353.4517,23.0097,0.0705
353.5025,21.9764,0.0
353.5368,6.9098,0.0
353.604,19.8931,0.0
353.7242,27.4265,0.0621
353.7627,5.6099,0.1784
353.9127,5.61,0.0
354.0795,20.5267,0.0609
354.1292,21.1601,0.0573
354.1776,23.9101,0.0
354.254,-24.1564,0.0
354.4279,-22.923,0.0
354.3826,15.8269,0.0675
354.4156,0.2936,0.0
354.4454,-9.223,0.186
354.5342,13.1936,0.0
354.5766,27.027,0.0312
354.6473,-13.3729,0.0
354.6954,-9.5562,0.0
354.7802,21.4604,0.0
355.121,-11.706,0.0825
355.1111,10.5106,0.0
355.1318,19.6606,0.0
355.2272,-24.8393,0.0
355.2205,-10.7727,0.0
355.2566,20.444,0.0
355.2907,0.094,0.0
355.3446,-9.0393,0.246
355.345,-10.006,0.193
355.3291,25.794,0.0
355.3969,-14.4726,0.0
355.3798,24.6773,0.0
355.4041,26.0607,0.0
355.4817,21.0607,0.0
355.8197,-10.3724,0.0
355.9354,14.2109,0.0
356.0684,-7.389,0.0
356.099,-21.8723,0.0
356.2172,-4.1056,0.0
356.2125,9.1444,0.0414
356.2451,-12.3056,0.185
356.2712,-15.4723,0.0
356.3252,-25.9722,0.0
356.669,-10.4221,0.0
357.3615,16.4113,0.0
357.4222,-24.7219,0.0
357.5416,-3.6219,0.0
357.6894,6.1114,0.0556
357.7343,27.1448,0.0265
357.9464,-26.0051,0.0
358.0379,14.0448,0.0
358.2151,3.1782,0.0
358.5423,-10.405,0.0745
358.765,5.4116,0.0
358.787,26.4449,0.0
358.8155,1.9283,0.0
358.8905,1.745,0.0
358.8893,11.4283,0.0726
358.94,6.045,0.0
358.9612,34.3616,0.0
358.9643,11.6616,0.0
358.8184,-20.455,0.0
359.118,-21.0383,0.0
359.3429,-24.3383,0.0
359.3674,-20.5549,0.0
359.3929,-25.5549,0.0
359.5414,-10.5216,0.0
359.6172,-24.4049,0.0
359.8416,-20.8049,0.1124
0.0148,32.1617,0.0
0.0403,15.8284,0.0
0.0411,-15.7382,0.0
0.0912,-25.1382,0.0
0.3407,-3.0882,0.0
0.5159,12.0451,0.0
0.5403,-19.5549,0.0
0.6409,8.4284,0.0958
0.6913,18.745,0.0
0.8407,0.8951,0.0
0.8404,-6.1049,0.0
0.8659,4.6284,0.0
0.9399,-15.2716,0.0
0.9658,2.0617,0.0978
1.0651,-9.5883,0.0
1.2183,31.395,0.0
1.3421,16.095,0.1144
1.3896,-11.8716,0.0
1.4923,15.795,0.0
1.5168,11.1283,0.0
1.5895,-10.405,0.0
1.6387,-16.9216,0.0
1.6645,-9.9716,0.0
1.6639,-15.3716,0.0
1.7439,25.095,0.0
1.7384,-18.0716,0.0
0.639,-47.1549,0.0
0.6368,-68.0548,0.0
0.6894,-34.6715,0.0
0.7147,-27.1716,0.0
0.8139,-35.9549,0.0498
0.9131,-41.9382,0.0
0.9893,-23.1216,0.0
1.2891,-18.0216,0.0
1.5366,-34.7216,0.114
1.7596,-40.9716,0.0
1.7594,-77.1383,0.0
1.8112,-31.855,0.0
1.8383,-17.7217,0.0
1.8367,-28.1216,0.0
1.8606,-82.0049,0.0
2.0009,-60.7883,0.0
2.3627,-16.7884,0.0
2.4831,-35.6884,0.114
2.5489,-56.9884,0.0312
2.5429,-64.4384,0.0
2.8073,-34.4385,0.0
2.8339,-28.8718,0.0
2.9342,-67.8051,0.0
3.0038,-42.2385,0.0
3.0105,-66.3385,0.0
3.149,-50.3219,0.0
3.1859,-18.7052,0.0
3.1631,-63.2052,0.0
3.431,-32.4719,0.0
3.4839,-23.6386,0.0
3.4994,-46.3553,0.0
3.5813,-30.3887,0.308
3.576,-42.622,0.0
3.5549,-66.072,0.0
3.7812,-29.3721,0.0
4.0097,-18.2055,0.0
4.0031,-34.9554,0.0
4.002,-37.1388,0.0
4.0545,-31.3888,0.0
4.0714,-46.3888,0.0
4.0689,-49.8555,0.0
4.2652,-52.8055,0.0
4.3767,-35.1889,0.0
4.4586,-19.3056,0.0
3.9414,-88.1722,0.0
4.597,-41.7723,0.0
4.6282,-30.6723,0.0
4.7924,-65.5557,0.0
4.8193,-64.5224,0.0
4.8606,-53.5391,0.1124
4.9951,-41.9558,0.0
5.1135,-49.2225,0.0641
5.3813,-20.756,0.0
5.6743,-32.0894,0.0
5.6951,-38.1228,0.0
6.0071,-17.0563,0.0
6.0425,-39.6396,0.0
6.0527,-65.9229,0.0
6.1417,-40.123,0.0
6.2431,-37.9897,0.0
6.2881,-43.4397,0.0
6.375,-65.6731,0.0
6.4376,-68.9398,0.0
6.5538,-50.4232,0.0
6.8026,-50.2566,0.0
7.1463,-30.2402,0.0
7.2456,-53.1069,0.0
7.3214,-29.3903,0.0
7.5278,-20.0738,0.0
7.568,-53.3904,0.0
7.6412,-34.4071,0.0
7.6954,-29.4405,0.0
7.7701,-62.6572,0.0
7.908,-41.3906,0.0
7.9868,-55.1907,0.0
8.046,-27.5074,0.0
8.3367,-69.2576,0.0
8.4433,-50.0743,0.0
8.5248,-21.5744,0.0
8.9674,-60.0247,0.0
8.8123,-82.5913,0.0
9.1398,-31.0248,0.0
9.2104,-51.8915,0.0
9.1749,-64.4749,0.0
9.2562,-62.6583,0.0
9.3916,-28.5417,0.1126
9.3798,-39.125,0.0
9.4947,-25.0918,0.0
9.6404,-29.0752,0.0
9.7374,-31.6086,0.0
9.8737,-19.9754,0.0
9.9149,-28.9088,0.0
9.8806,-52.1754,0.0
10.0449,-56.1589,0.0271
10.1576,-34.609,0.0
10.1332,-50.2423,0.0
10.3687,-43.8425,0.0
10.3767,-61.0925,0.0
10.5386,-28.5426,0.0
10.6263,-38.1594,0.0
10.8464,-20.6262,0.0
10.8377,-28.6262,0.0
11.3743,-16.8767,0.0
11.448,-18.0935,0.0
11.4167,-53.8434,0.0
11.4508,-50.1268,0.0
11.4562,-63.5935,0.0
11.9294,-56.7772,0.0
11.9731,-64.194,0.0
12.0703,-38.4607,0.0
12.0663,-40.8607,0.0
12.1432,-21.3441,0.0486
12.1317,-45.7608,0.0
12.4029,-62.4277,0.0
12.6685,-50.278,0.0
12.7907,-39.5281,0.0
12.8326,-28.5282,0.0
12.797,-48.5781,0.0
12.8276,-55.3782,0.0
13.0137,-23.595,0.0
13.1741,-55.6952,0.0
13.2144,-50.6119,0.0
13.2487,-46.8619,0.0
13.421,-47.6121,0.0
13.1695,-80.262,0.0
13.5383,-39.2456,0.0
13.5614,-50.979,0.0
13.6119,-39.829,0.0
13.7658,-48.9459,0.0
14.011,-24.1128,0.0
14.1557,-27.513,0.0
14.1519,-30.063,0.0
14.1867,-38.7963,0.0
14.2771,-29.6964,0.0
14.6682,-34.3302,0.0
14.6559,-40.7469,0.0
14.7638,-20.997,0.0
14.8267,-29.0471,0.0
14.999,-30.414,0.0
15.0317,-39.614,0.0
15.1074,-39.1475,0.0
15.2031,-50.5309,0.0
15.2959,-43.931,0.0
15.4073,-38.6645,0.0
15.5042,-39.948,0.0
15.5325,-55.7313,0.0
15.561,-67.5814,0.0
16.0275,-39.782,0.0268
16.0946,-51.5487,0.0
16.2924,-16.7323,0.0
16.2537,-48.4823,0.0
16.1848,-66.9322,0.0
16.534,-35.916,0.0
16.6158,-17.4994,0.0
16.5877,-33.9827,0.0
16.6001,-55.7328,0.0
16.8137,-44.0497,0.0
16.9299,-46.9165,0.025
16.9807,-36.7333,0.0
17.0399,-43.2167,0.0
17.1381,-43.7002,0.0
17.1716,-40.3502,0.0
17.061,-65.7001,0.0
17.2632,-57.2837,0.0
17.4554,-45.9006,0.0241
17.5184,-29.684,0.0
17.6546,-36.1842,0.0
17.718,-49.3343,0.0
17.8147,-17.0845,0.0
17.989,-60.6348,0.0
18.1027,-36.3515,0.0
18.2741,-37.6018,0.0
18.47,-38.9688,0.0
18.5153,-48.8855,0.0
18.6011,-36.2856,0.0
18.5816,-56.719,0.0
18.6907,-48.5025,0.0667
19.0061,-21.0363,0.0
19.1952,-37.8699,0.0
19.247,-37.07,0.0
19.2786,-50.87,0.0
19.4024,-22.6369,0.0
19.5187,-27.0037,0.0
19.5708,-37.1038,0.0317
19.5502,-56.6372,0.0
19.6755,-35.0707,0.0
19.9164,-64.6545,0.0
20.2455,-51.4883,0.0
20.3234,-43.8884,0.0
20.4297,-20.4219,0.0
20.4241,-55.7219,0.0
20.5862,-29.3055,0.0
20.7642,-46.0225,0.0
20.8903,-27.0727,0.0
21.0198,-24.8396,0.0
21.0005,-33.3562,0.0
21.0897,-37.3897,0.0
21.4738,-33.457,0.0
21.5116,-37.9738,0.0202
21.6939,-49.9908,0.0
21.9708,-34.0412,0.0
22.1294,-46.8915,0.0
22.2077,-29.0083,0.0
22.2562,-46.2584,0.0
22.424,-53.3088,0.0
22.5189,-48.9589,0.0
22.736,-27.0926,0.0
22.8665,-34.6095,0.0
23.0158,-24.7265,0.0
23.0791,-29.5933,0.0
23.0753,-31.0933,0.0
23.31,-26.9437,0.0
23.3552,-45.2105,0.0
23.4832,-27.5274,0.0
23.6582,-27.361,0.0
23.7826,-27.4946,0.0
24.1308,-27.8953,0.0
24.237,-34.7122,0.0
24.7711,-30.9466,0.0
25.0504,-29.0805,0.0
25.1749,-54.5641,0.0208
25.2925,-31.7143,0.0
25.7387,-23.3652,0.0
25.8236,-37.3488,0.0
25.8645,-46.2155,0.0
26.1657,-22.2328,0.0
26.2031,-17.0329,0.0
26.334,-24.7498,0.0
26.2528,-53.0164,0.0
26.9403,-21.8345,0.0
27.0621,-31.9181,0.0
27.4036,-25.9188,0.0
27.6249,-27.086,0.0
27.8565,-24.5365,0.0
27.9546,-25.17,0.0
28.0569,-32.7036,0.0
28.4227,-27.2378,0.0
28.4746,-26.5379,0.0
28.3282,-58.171,0.0
28.5953,-35.6882,0.0
28.0299,-78.6708,0.0
28.6164,-71.4719,0.0
29.249,-17.0397,0.0
29.2802,-23.9898,0.0
28.9694,-79.2731,0.0
29.6679,-19.1573,0.0
29.5786,-49.7906,0.0
29.9075,-38.0246,0.0
30.0065,-31.2415,0.0
30.1506,-32.8752,0.0
30.1893,-35.992,0.0
30.2752,-25.0755,0.0
30.3214,-40.409,0.0
30.4366,-21.0092,0.0
30.7144,-28.2599,0.0
30.9423,-27.2105,0.0
30.8914,-41.0937,0.0
31.2622,-35.678,0.0
31.3018,-31.628,0.0
31.4166,-27.1116,0.0
31.6194,-26.0788,0.0
31.6406,-27.2622,0.0
31.6607,-28.7456,0.0
31.6959,-25.5457,0.0
31.795,-25.7793,0.0
32.024,-31.9132,0.0
32.2173,-26.3637,0.0
32.2775,-42.9639,0.0
32.4884,-27.3644,0.0
32.6774,-37.0816,0.0
32.7178,-33.0983,0.0
32.8629,-40.2821,0.0
32.9692,-17.0489,0.0
33.0087,-28.4491,0.0
33.1354,-53.4829,0.0
33.2266,-47.1331,0.0649
33.3609,-27.5667,0.0
33.5503,-30.4672,0.0
33.6412,-25.8174,0.0
33.7132,-26.6676,0.0
33.7264,-36.5344,0.0
33.806,-21.0845,0.0
33.7941,-24.8345,0.0378
33.6959,-51.6177,0.0
33.9184,-51.8183,0.0
34.0661,-48.2687,0.0
34.331,-28.3693,0.0
34.4102,-19.4195,0.0
34.4411,-17.4696,0.0
34.5525,-50.0367,0.0
34.728,-28.9704,0.0
34.7148,-48.0038,0.0635
34.9604,-19.1043,0.0
34.9272,-41.0376,0.0
35.2722,-23.0885,0.0
35.4304,-40.0224,0.0
35.5326,-48.5727,0.0631
35.4139,-63.6892,0.0
35.7166,-16.7898,0.0
35.8833,-26.8069,0.0
35.874,-41.007,0.0
35.993,-42.1073,0.0
36.2478,-49.5414,0.0
36.3423,-42.0083,0.0
36.4674,-41.9087,0.0
36.5002,-64.0257,0.0
36.6432,-56.126,0.0
36.8167,-50.0431,0.0
36.7222,-67.0097,0.0
37.0895,-24.4271,0.0
37.1256,-28.2272,0.0
37.0831,-38.3438,0.0
37.3525,-27.5778,0.0
37.514,-36.795,0.0
37.63,-33.0953,0.0
37.7267,-27.5956,0.0
37.7294,-38.6957,0.0
37.6691,-49.1456,0.0
37.8869,-56.0296,0.0
38.6718,-21.5984,0.0
39.0342,-41.7663,0.0
39.1289,-32.4998,0.0
38.9844,-66.6165,0.0
39.2375,-45.3503,0.0
37.2091,-85.8475,0.0
39.4858,-52.4011,0.0
40.0491,-33.0693,0.0
40.0308,-55.4195,0.0923
40.3423,-28.6369,0.0
40.8234,-26.9051,0.0
40.9155,-28.8054,0.0
40.9442,-27.8721,0.0
40.9118,-51.4555,0.0
41.3654,-34.2735,0.0
41.2974,-46.4567,0.0
41.5217,-20.4739,0.0
41.3697,-53.1904,0.0
41.4358,-54.1239,0.0
41.5241,-57.6409,0.0
41.8438,-27.5583,0.0
41.8407,-33.9584,0.0
42.1674,-27.7427,0.0
42.0849,-47.8093,0.0
42.3911,-27.9601,0.0
42.3046,-48.41,0.0
42.5721,-54.9443,0.0
42.7429,-46.3114,0.0
42.9,-48.6953,0.0
42.7394,-64.7284,0.0
43.1004,-25.3791,0.0
43.0489,-36.729,0.0
43.3145,-33.4632,0.0
43.2074,-53.563,0.0
42.8479,-79.063,0.0
43.6499,-54.1145,0.0
43.8274,-44.3317,0.0
43.9849,-22.6654,0.0
44.1514,-24.7159,0.0
44.2324,-46.9997,0.0
44.3276,-47.6001,0.0
44.5404,-21.0672,0.0
44.4843,-52.7173,0.0
44.7574,-23.0013,0.0
44.6945,-45.0513,0.0
44.9686,-51.4523,0.0
45.1146,-51.8361,0.06
45.2472,-44.3865,0.0
45.12,-66.0531,0.0
45.5182,-40.9707,0.0
45.8361,-27.6217,0.0
46.0082,-22.3723,0.0
46.015,-36.9557,0.0
45.961,-48.9224,0.0
46.1985,-24.6396,0.0
46.4752,-29.774,0.0
46.7547,-28.6749,0.0
47.0388,-36.7093,0.0
47.1122,-48.2264,0.0
47.3271,-29.027,0.0
47.0158,-65.5764,0.0
47.7166,-47.3952,0.0585
47.8608,-26.9289,0.0
48.1094,-27.1464,0.0
48.0137,-44.2962,0.0
48.0065,-63.1132,0.0
48.4261,-38.3143,0.0
48.3229,-58.7143,0.0
48.4608,-47.7979,0.0
48.5842,-32.1982,0.0
48.5596,-44.6316,0.0
48.2168,-69.1976,0.0
48.5788,-45.415,0.0
48.6242,-42.4984,0.0
48.6295,-58.0987,0.0645
48.8467,-42.7659,0.0
48.8109,-47.6325,0.0632
49.1633,-43.8504,0.0673
49.1314,-50.9004,0.0755
49.4485,-45.7348,0.0
49.4845,-44.2349,0.0703
49.4487,-48.8182,0.0
49.5683,-39.1185,0.0
49.785,-20.7525,0.0
49.7429,-42.9359,0.0
49.7838,-71.9702,0.0
50.37,-34.1881,0.0
49.9835,-68.0874,0.0
50.4722,-51.322,0.0696
50.1346,-70.4881,0.0
50.5764,-41.339,0.0
50.7393,-52.0231,0.065
50.8284,-44.5066,0.0
51.8444,-53.5106,0.0593
52.1677,-55.7119,0.0862
52.4468,-17.2792,0.0
52.5516,-52.5633,0.0554
52.9342,-30.5978,0.0
52.9016,-47.0979,0.0
52.8906,-51.0646,0.0
53.0492,-44.1984,0.0
53.1851,-45.949,0.0
53.323,-40.7828,0.0
53.5093,-39.0002,0.0
53.0588,-71.8327,0.1203
53.8171,-18.1012,0.0
53.786,-34.5345,0.0
54.1417,-23.6525,0.0
54.0721,-40.6357,0.0
54.2452,-28.0529,0.0
54.1775,-39.8028,0.0
53.7919,-71.4689,0.0
54.2672,-55.0201,0.0423
54.4634,-38.0206,0.0
54.5922,-33.1877,0.0
54.3036,-62.5871,0.0
54.6696,-32.7213,0.0
54.2558,-69.5872,0.0
54.8665,-33.2221,0.0
55.1155,-28.7064,0.0
55.0947,-32.573,0.0
55.2598,-34.257,0.0
55.4969,-32.0579,0.0
55.0824,-70.0906,0.0
55.6528,-30.9419,0.0
55.8828,-29.9428,0.209
55.7526,-53.6426,0.059
56.0174,-32.6934,0.0
56.2699,-22.4443,0.0
56.2246,-35.6442,0.0
56.285,-29.4111,0.0
56.4236,-51.5119,0.0
56.4571,-57.0455,0.0611
56.7114,-29.0295,0.0
56.6906,-32.8127,0.0
56.9392,-28.4304,0.0
57.0223,-21.764,0.0
57.086,-33.481,0.0
56.971,-53.8309,0.0
57.1575,-34.048,0.0
57.2017,-38.8982,0.0
57.3091,-33.7319,0.0
57.5164,-17.4993,0.0
57.564,-18.0328,0.0
57.7188,-27.3502,0.0
57.7649,-23.1337,0.0
57.9298,-19.9677,0.0
58.0724,-48.6019,0.0
58.1994,-38.9356,0.0
58.4248,-30.6865,0.0
58.5977,-31.0205,0.0
58.6169,-32.0206,0.0
58.6316,-37.7374,0.0
58.7609,-18.4878,0.0
58.0862,-74.0031,0.0
59.3379,-28.0569,0.0
59.4432,-27.0407,0.0
59.4421,-39.6075,0.0
59.6167,-22.3747,0.0
59.2485,-62.8239,0.0
59.6773,-29.9084,0.0
59.5543,-52.3415,0.034
59.8006,-30.1755,0.0
59.796,-35.1756,0.0
59.9529,-19.9761,0.0
59.9989,-30.4264,0.0
60.1642,-27.6104,0.0
60.2335,-23.8773,0.0
60.1945,-31.1605,0.0
60.3042,-19.6442,0.0
60.0623,-53.6603,0.0388
60.408,-33.0615,0.0
60.3577,-46.8114,0.0
60.568,-26.8121,0.0
59.5028,-78.9266,0.0
60.7158,-27.196,0.212
60.7407,-27.1961,0.0
60.687,-53.513,0.0
60.6513,-56.2962,0.0
60.9162,-27.0635,0.0
60.982,-33.0806,0.0
61.0662,-27.0308,0.0
61.1998,-41.4816,0.0
61.1181,-52.8815,0.0
61.0366,-65.2149,0.0
61.621,-30.5499,0.0
61.9156,-26.9678,0.0
61.4997,-65.6002,0.0
60.9631,-78.6827,0.0
62.1135,-27.302,0.0
62.1623,-27.5189,0.0
62.1437,-30.8188,0.0
62.3124,-27.4695,0.0
62.3196,-59.6035,0.0433
62.9086,-28.0221,0.0
62.7919,-45.1051,0.0
62.782,-48.8552,0.0
62.7844,-62.7223,0.0
62.8882,-63.6894,0.0
62.9669,-64.6065,0.057
63.4389,-35.3411,0.0
63.3901,-45.1577,0.0
63.3837,-45.8911,0.0
63.5363,-45.5584,0.0
63.5554,-46.2085,0.0
64.1077,-32.2107,0.0
64.2358,-42.4947,0.0
64.3626,-38.9452,0.0
64.3626,-45.212,0.0
64.2316,-64.7953,0.0
64.3091,-63.5956,0.0
64.7105,-42.4135,0.0
64.6394,-60.8136,0.0
64.8627,-45.0808,0.0
65.2792,-45.9327,0.0
65.299,-46.4828,0.0
65.2458,-65.0498,0.0
65.7289,-18.8343,0.0
65.6742,-33.2509,0.0
65.6489,-63.8015,0.0
65.9263,-46.1022,0.0
66.3537,-36.2206,0.0
66.3694,-46.7375,0.0
66.7966,-46.4061,0.0
66.9539,-36.0733,0.0
66.9925,-34.0234,0.0
66.9375,-44.64,0.0
67.1892,-38.1077,0.0
67.5917,-21.0093,0.0
67.314,-60.3255,0.0
67.6201,-37.193,0.0
67.6637,-38.0765,0.0
67.8654,-49.311,0.0
68.0487,-36.6115,0.0
67.7905,-61.4777,0.0594
68.2158,-34.0456,0.0
68.2056,-35.5789,0.0
68.2503,-32.5791,0.0
68.2491,-45.8459,0.0
68.287,-49.5462,0.0
68.1478,-59.6959,0.0
68.4523,-36.0134,0.0
68.5065,-35.3803,0.0
68.5043,-35.7136,0.0
68.7658,-33.9481,0.0
68.9292,-35.6488,0.0
68.9243,-57.9993,0.0
69.4698,-46.0681,0.0
69.4656,-48.9849,0.0
70.2835,-38.305,0.0
70.2517,-45.1884,0.0
70.2691,-48.5052,0.0
70.3278,-45.0554,0.0
70.5901,-37.3564,0.0
70.9944,-24.7081,0.0
70.7764,-61.7079,0.0
71.2297,-18.0258,0.0
71.2412,-33.476,0.0
71.852,-44.879,0.0
71.945,-39.796,0.0
72.4779,-44.6819,0.0
73.2054,-34.7851,0.0
72.9483,-62.7347,0.0
73.3742,-31.9359,0.0
73.7947,-36.2212,0.0
74.5847,-30.1415,0.0
74.5657,-57.692,0.0
62.6798,-88.7476,0.0
74.9921,-24.66,0.0
75.2,-38.6779,0.0
75.1803,-49.0446,0.0
75.2545,-51.2784,0.0
75.4209,-35.8455,0.0
75.4706,-39.2125,0.0
75.6243,-49.5301,0.0
75.9371,-29.5978,0.0
75.9645,-29.2146,0.0
75.9587,-33.948,0.0
76.1134,-33.2321,0.0
76.0492,-49.4821,0.0
75.9753,-56.932,0.0
76.3192,-32.3497,0.0
76.4402,-45.4838,0.0
76.8613,-29.6355,0.0
76.7171,-47.7519,0.0
76.8272,-49.1191,0.0
77.1686,-28.4203,0.0
77.2637,-25.0374,0.0
77.0053,-56.5035,0.0
77.467,-36.1385,0.0
77.6404,-45.3228,0.0
77.8397,-28.9902,0.0
77.9256,-44.2075,0.0
78.3575,-30.0926,0.0
78.1941,-49.6922,0.0
78.4683,-39.16,0.0
78.4672,-42.31,0.0
78.6701,-44.7277,0.0
78.6757,-49.0612,0.0903
78.8109,-50.3452,0.0
79.1424,-42.2133,0.0
74.8834,-86.7037,0.0
79.4926,-58.5487,0.0953
80.4505,-31.0026,0.0
80.3784,-40.8191,0.0
80.5224,-49.1867,0.0
80.6574,-48.2706,0.0446
81.2003,-27.0062,0.0
81.3508,-30.907,0.0
81.3962,-31.5905,0.0
81.4778,-30.5909,0.0
81.468,-47.2078,0.0
81.6283,-30.4916,0.0
81.7613,-47.8259,0.0
81.8162,-47.3595,0.0
81.8934,-47.1432,0.0
82.0382,-47.6273,0.0
82.3904,-47.3956,0.0
82.6622,-49.9303,0.0
82.9468,-38.3648,0.0
83.0632,-47.5655,0.0
83.3624,-28.9833,0.0
83.6653,-28.5014,0.0
83.6906,-32.3016,0.0
83.7482,-38.1353,0.0
84.0077,-36.8865,0.0
84.5612,-20.6223,0.0
84.3855,-45.3052,0.0
85.0783,-43.3918,0.0
85.2306,-48.1594,0.0
85.2248,-61.7098,0.0
86.2825,-47.9478,0.0
86.8926,-31.8838,0.0
87.0536,-21.9344,0.0
87.0217,-41.2512,0.0
87.339,-24.4691,0.0
87.6251,-22.5372,0.0
87.911,-29.0553,0.0
88.7144,-32.3259,0.0
89.0484,-18.3107,0.0
88.9471,-34.7938,0.0
89.1493,-18.1445,0.0
89.2322,-21.2616,0.0
90.2199,-18.9664,0.0
90.1815,-40.0499,0.0455
90.4351,-20.7508,0.0
91.4685,-35.306,0.0
91.5374,-42.2898,0.0
91.7398,-49.491,0.0567
92.4808,-33.5943,0.0282
92.5249,-37.7946,0.0
92.6703,-18.9116,0.0
93.5755,-17.966,0.0
94.435,-52.0208,0.0
95.4603,-42.6422,0.0
95.6827,-25.6263,0.0
95.7055,-43.1934,0.0
95.4475,-64.9596,0.0248
96.2544,-37.3459,0.0
96.5644,-53.6812,0.0531
96.7685,-35.4817,0.0
96.4252,-62.8976,0.0
96.9776,-22.2325,0.0
96.8796,-54.3994,0.0498
97.2192,-41.734,0.0
97.4093,-52.2352,0.0
98.8846,-62.6261,0.0
99.3302,-48.4943,0.0
100.2064,-46.0485,0.0
100.1672,-63.4656,0.0
100.4168,-49.7829,0.0
100.4644,-49.9998,0.0
101.3872,-54.2043,0.0
101.421,-74.6893,0.0
104.5785,-49.2026,0.0
106.2574,-49.0772,0.0
107.1323,-49.2146,0.0
126.0692,-17.6128,0.0
129.5962,-17.943,0.0
130.4489,-17.4796,0.0
130.5235,-17.5965,0.0
132.2194,-19.0694,0.0
136.1729,-19.3499,0.0
137.9683,-21.1892,0.0
138.8963,-20.7422,0.0
139.8218,-20.9618,0.0
140.4443,-21.8971,0.0
142.1189,-22.7356,0.0
143.0378,-24.8883,0.0
144.625,-29.2929,0.0
145.0567,-27.7108,0.0
145.2558,-28.078,0.0
145.5835,-27.5123,0.0
145.8469,-23.6963,0.0
145.9724,-30.83,0.0
147.6783,-22.6512,0.0
148.2174,-33.736,0.0
149.8503,-24.9734,0.0
150.0825,-22.6573,0.0
150.203,-24.2909,0.0
150.3507,-33.0413,0.0
150.6073,-31.2753,0.0
150.8694,-35.2592,0.0
151.1827,-31.5933,0.0
151.3076,-31.7436,0.0
152.9673,-29.9807,0.0
153.6731,-28.5656,0.0
153.9518,-27.4329,0.0
153.9465,-29.3495,0.0
154.518,-21.5841,0.0
154.757,-26.1512,0.0
155.2875,-33.719,0.0
155.9568,-27.2537,0.0
156.1006,-29.7873,0.0
156.7536,-38.172,0.0
156.7781,-38.372,0.0
157.2679,-33.8729,0.0
157.2671,-34.1396,0.0
158.1964,-33.5913,0.0
158.3514,-31.8249,0.0
161.8909,-29.6142,0.0
162.277,-36.5815,0.0
161.8954,-81.848,0.0
163.11,-34.216,0.0
163.4146,-32.3998,0.0
163.6559,-23.6501,0.0
164.8266,-27.835,0.0
165.0219,-30.9519,0.0
165.5542,-27.3026,0.0
166.071,-33.2699,0.0
166.2541,-28.5034,0.0
166.627,-44.1872,0.0
166.9075,-27.3042,0.0
167.0179,-19.671,0.0
167.0778,-30.8544,0.0
167.1524,-31.2711,0.0
167.5018,-32.3549,0.0
167.6273,-32.2383,0.0
167.7953,-18.7885,0.0
167.8058,-30.1552,0.0
168.9339,-30.1896,0.0
168.9384,-43.7397,0.0
169.0395,-43.3731,0.0
169.1891,-43.9899,0.0
169.3814,-33.1067,0.0
169.6221,-19.8903,0.0
169.6163,-25.3569,0.0
169.7393,-27.4237,0.0
170.2614,-31.2075,0.0
170.3605,-32.1743,0.0
170.7107,-32.9746,0.0
170.9985,-20.9248,0.0
171.6234,-22.4086,0.0
171.7905,-31.4754,0.0
172.2368,-36.559,0.0
172.9943,-31.1928,0.0
175.1776,-27.7607,0.0
175.2257,-31.2273,0.0
176.3274,-34.4444,0.0
177.2798,-36.5281,0.0
179.0867,-33.5117,0.0
179.2635,-22.9451,0.0
179.2875,-32.1617,0.0
179.714,-29.0284,0.0
179.9649,-23.0451,0.0
180.0147,-31.3951,0.0
180.466,-28.6784,0.0
180.7167,-27.8951,0.0
180.7418,-30.1451,0.0
180.8671,-28.6284,0.0
181.0425,-28.2451,0.0
181.0426,-29.1784,0.0
182.1464,-33.2783,0.0
182.1718,-34.445,0.0
183.2233,-28.6614,0.0
183.2476,-26.0781,0.0
183.952,-33.0112,0.0
184.0775,-33.2612,0.0
184.5777,-30.4277,0.0
184.9369,-43.6442,0.0
185.4254,-21.5773,0.0
185.6145,-43.0439,0.0
185.703,-25.5272,0.0
185.9172,-44.5438,0.0
186.1041,-25.777,0.0
187.9525,-17.8426,0.0
188.0787,-19.2759,0.0
188.1706,-38.3925,0.0
188.7091,-24.5421,0.0
189.129,-17.5751,0.0
189.7567,-19.4913,0.0
189.805,-17.5413,0.0
190.0224,-34.2245,0.0
191.9376,-21.5227,0.0
192.2157,-41.3058,0.011
192.4842,-36.7556,0.0
193.5758,-29.021,0.0553
193.8368,-18.1541,0.0
193.9037,-30.354,0.0
194.2839,-32.9202,0.0
194.3299,-30.3702,0.0
194.4171,-21.4201,0.0
194.4388,-18.9534,0.0
194.4523,-28.4867,0.0
195.0395,-18.736,0.0
195.261,-32.4357,0.0167
195.2689,-21.619,0.0
195.7642,-17.7851,0.0
195.8141,-33.2684,0.0
195.9242,-24.2515,0.0
197.1709,-34.5665,0.0
197.3509,-23.5163,0.0
197.7695,-32.999,0.0
197.847,-34.0822,0.0385
198.2648,-29.9816,0.0
198.3309,-37.3315,0.0
198.3737,-44.0815,0.0
198.5896,-29.4478,0.0
199.3776,-22.2632,0.0
199.5453,-30.9296,0.0
199.7227,-31.8127,0.0
199.8107,-37.1792,0.0
199.8769,-33.4791,0.0153
200.1927,-28.9786,0.0
201.026,-31.6605,0.0
201.2201,-28.8768,0.0
201.9782,-31.4922,0.0482
202.4748,-29.5246,0.0471
202.9604,-33.2237,0.0109
203.3159,-42.8564,0.0
203.3825,-31.6729,0.0499
203.4153,-42.5562,0.0
203.5929,-35.2225,0.0
204.1661,-33.9714,0.0109
204.7475,-35.5536,0.0
204.9509,-36.4532,0.0
205.2964,-34.6358,0.0
205.676,-35.7517,0.0
206.7115,-37.9162,0.0372
206.8706,-32.8658,0.0
207.0477,-33.3821,0.0
207.102,-34.682,0.0
207.289,-30.2982,0.0141
208.1492,-32.8797,0.0
208.1913,-30.2962,0.0
208.5849,-27.8453,0.0
209.3776,-24.7268,0.0
209.4228,-22.9934,0.0
210.7272,-23.7235,0.0
211.8645,-27.0207,0.0
212.1156,-18.9034,0.0
212.6013,-22.3021,0.0
212.7195,-19.9685,0.0
213.53,-22.9997,0.0
213.5832,-23.9829,0.0
213.7034,-29.9326,0.0
213.718,-33.8826,0.0
213.9283,-46.7155,0.0
214.4651,-32.5973,0.0
214.4878,-24.8971,0.0
214.6546,-22.28,0.0
214.7961,-19.4796,0.1196
215.0911,-17.7454,0.0
218.1011,-86.9245,0.0
216.299,-19.7421,0.0
216.6976,-19.1243,0.0
216.8432,-17.7072,0.0
216.9377,-23.5569,0.0
217.2537,-27.8894,0.0
217.9072,-21.5041,0.0
218.1817,-44.3368,0.0
218.3214,-31.8029,0.0
218.3831,-28.4194,0.0
218.7585,-28.3349,0.0
219.034,-28.3007,0.0
219.9467,-24.6313,0.0
220.6232,-30.9625,0.0
222.0881,-27.8412,0.0
222.1381,-21.4243,0.0
222.2863,-20.8905,0.0
223.6921,-28.0692,0.0
223.7033,-30.6192,0.0
224.5524,-30.0164,0.0
225.7346,-80.5642,0.0
227.3268,-28.7234,0.0
228.7908,-19.9014,0.0
230.0308,-28.5636,0.0
231.052,-32.4098,0.0
231.6638,-18.6741,0.0
232.1668,-24.8722,0.0
232.9405,-18.7692,0.0
234.5154,-23.9131,0.0
239.186,-83.4983,0.0
243.2526,-86.8026,0.0
245.3919,-83.7891,0.0
243.8869,-60.9083,0.0143
247.7552,-75.1757,0.0
249.8126,-82.4687,0.0854
249.9302,-75.9994,0.0
278.5371,-78.7969,0.0
279.9286,-46.3209,0.0
283.3612,-44.8711,0.0
284.7507,-54.9315,0.0
284.6858,-42.1982,0.0
285.2362,-45.0956,0.0
289.2473,-73.7118,0.0
291.3833,-42.9505,0.0
292.0106,-50.9478,0.0
293.7197,-79.5759,0.0
293.5293,-42.9075,0.0
294.1144,-61.622,0.0
295.5547,-53.282,0.0
296.6458,-79.9796,0.0
295.9531,-56.9471,0.0
295.9061,-40.5302,0.0
296.1043,-57.0631,0.0
295.9968,-45.4799,0.0
297.4454,-27.54,0.0
301.7786,-86.8139,0.0
298.0454,-55.0879,0.0588
298.1922,-63.7376,0.0
298.1574,-52.0207,0.0475
299.8105,-34.9133,0.0
301.4976,-82.2429,0.0
300.1338,-38.5286,0.0185
300.4009,-29.2107,0.0
300.6267,-29.4098,0.0
300.6557,-30.1263,0.0
301.4502,-52.2734,0.0
301.5804,-41.9393,0.0
302.0283,-67.9049,0.0
301.8271,-52.5551,0.0
303.5047,-80.6505,0.0369
302.457,-53.1692,0.237
304.0448,-80.7983,0.0
303.1254,-56.8165,0.053
302.9988,-41.4834,0.0
303.1753,-38.166,0.0
303.5743,-29.7476,0.0
303.7329,-39.4804,0.0
305.0195,-41.5586,0.0
305.2097,-46.7579,0.0
305.2233,-30.0409,0.0
305.4687,-52.9403,0.0
306.3329,-40.3533,0.0404
306.5891,-33.3522,0.033
306.8036,-31.518,0.0
307.3208,-70.4003,0.0
307.4655,-69.533,0.0
307.1135,-33.4168,0.0
307.3088,-36.9661,0.0
307.3087,-32.6161,0.0
308.2481,-78.0975,0.0
308.0494,-56.4302,0.062
307.9757,-26.4134,0.0
308.3497,-63.0293,0.0759
308.2009,-39.996,0.0
308.4425,-56.012,0.0
308.4712,-35.2616,0.0
308.5376,-38.0281,0.0
308.6917,-51.511,0.0
308.5916,-34.4945,0.0
308.6641,-34.0775,0.0
308.699,-35.8274,0.0
308.7935,-34.9104,0.0
309.1507,-56.926,0.0
308.9939,-25.2762,0.0
309.1822,-37.3923,0.0
309.2628,-34.0586,0.0
310.0041,-71.2734,0.0
309.6259,-36.5072,0.0
310.0104,-61.3396,0.0708
310.0979,-31.5888,0.0
310.4169,-35.2376,0.0
310.5596,-38.3371,0.02
310.5681,-25.6203,0.0
310.7939,-54.9031,0.0
310.6524,-32.6534,0.0
316.4776,-87.7917,0.0
311.6343,-29.4331,0.0
311.7998,-32.5991,0.0
311.8818,-33.9822,0.0
311.9972,-26.9984,0.0
312.4629,-30.4967,0.0
312.8866,-52.7121,0.0456
313.5717,-37.4261,0.0
313.9794,-54.9249,0.0
314.0022,-42.658,0.0
314.1574,-47.0242,0.0
314.2293,-43.0905,0.0
314.6252,-66.373,0.0
314.4049,-43.2566,0.0
314.6486,-42.4057,0.0
314.6794,-46.8723,0.0
314.8209,-21.8716,0.0
314.8884,-36.5215,0.0
316.3018,-82.7357,0.0
314.9309,-24.3379,0.0
315.0056,-35.1044,0.0
315.2243,-38.6537,0.0
315.3806,-55.67,0.0
315.4959,-28.0527,0.0386
315.5175,-27.3026,0.0
315.745,-42.3853,0.0
315.8257,-43.3183,0.0487
315.7923,-32.8184,0.0
315.9024,-43.6181,0.0
316.0628,-41.3842,0.0
316.4966,-38.816,0.0
317.7951,-82.1637,0.0
316.674,-47.1488,0.0165
316.5898,-27.1156,0.0
316.8076,-25.4816,0.0
316.925,-47.4147,0.0
317.0552,-36.0141,0.0
317.1724,-43.4971,0.0306
318.0556,-78.2287,0.0
317.5613,-45.8125,0.032
318.5101,-49.5928,0.0
318.5638,-42.8759,0.0
318.5613,-27.1258,0.0
318.6348,-26.7922,0.0
318.8542,-45.475,0.0
318.8658,-43.3749,0.0
318.936,-42.608,0.0
319.6498,-45.2391,0.0
320.1567,-26.7373,0.0
320.4326,-33.0699,0.0
320.8226,-70.5359,0.0
321.485,-76.5842,0.0
322.8472,-84.8319,0.0
324.5268,-87.2126,0.0
321.4624,-34.7167,0.0
321.7981,-53.0825,0.0
321.7934,-49.2658,0.0
321.8015,-42.6657,0.0
322.2315,-72.8983,0.0
321.9777,-32.8151,0.0
322.1818,-20.8811,0.0
322.3771,-50.814,0.0796
322.3998,-42.7472,0.0
322.3531,-19.8806,0.0
322.7867,-45.0628,0.0
322.9012,-43.3124,0.0
323.1777,-68.7453,0.0
323.2074,-52.0282,0.0
323.1114,-22.645,0.0
324.9861,-85.0422,0.0
323.6318,-72.6941,0.0
323.6584,-66.8438,0.0
323.6317,-62.0271,0.0557
323.4953,-42.644,0.1955
323.4821,-28.5439,0.0
323.6182,-53.6271,0.0775
324.6151,-82.0589,0.0
323.9669,-37.2426,0.0
324.272,-32.825,0.0
324.558,-67.2579,0.0
324.4624,-41.7912,0.0
324.4679,-42.8578,0.0
324.494,-47.3911,0.0
324.8495,-52.0735,0.0
324.7493,-27.157,0.0
324.7678,-32.0736,0.0
324.8693,-51.3901,0.0756
324.824,-27.1067,0.0
324.9901,-47.1064,0.0
325.4101,-72.7224,0.0
325.4224,-44.3552,0.0
328.8648,-86.766,0.0
326.4276,-46.0191,0.0
326.4757,-53.3523,0.0
326.3917,-25.9024,0.0
326.4168,-25.969,0.0
326.6579,-57.2852,0.0747
326.6077,-23.2851,0.0
326.618,-26.4185,0.0
326.7398,-43.9015,0.0
327.0139,-64.4677,0.0
326.9317,-47.101,0.0
327.0145,-32.7174,0.0
327.1605,-31.7504,0.0
327.2814,-30.7,0.0
327.4162,-33.4497,0.0
327.6098,-55.316,0.0352
327.7954,-50.0154,0.0
327.8581,-48.0486,0.0
328.0933,-53.5647,0.0
328.1339,-48.3979,0.0
328.2842,-43.9975,0.0
328.526,-57.8469,0.076
328.4126,-33.1971,0.0
329.239,-26.8783,0.0
329.5933,-60.3943,0.0744
329.9772,-56.1599,0.0754
330.4326,-59.9422,0.0993
330.3926,-20.3421,0.0
330.6889,-41.6414,0.0
330.9207,-61.591,0.0
330.8327,-45.8244,0.065
331.3206,-30.4566,0.0
331.3706,-30.4898,0.0
331.4386,-47.523,0.0
331.4754,-39.0562,0.0
332.358,-51.8209,0.0
332.3087,-27.3209,0.0
332.5105,-28.0871,0.0
332.6153,-48.9203,0.0
332.6494,-39.8702,0.0
332.8623,-48.5864,0.0
332.8693,-38.7363,0.0
332.9719,-50.4862,0.0
333.3788,-34.7519,0.0
333.6297,-47.818,0.0
333.5802,-27.0681,0.0
333.6293,-17.0179,0.0
333.8334,-43.2676,0.0
333.9725,-51.5506,0.0678
334.1076,-53.4003,0.0
334.1773,-52.5835,0.0529
334.0842,-19.317,0.0
334.1418,-39.2669,0.0
334.4287,-35.7163,0.1214
334.6291,-43.0158,0.0
334.6885,-38.899,0.0
334.8103,-38.0821,0.0
334.8741,-34.7153,0.0
334.9064,-37.0152,0.0
335.0013,-57.0985,0.0
334.9567,-37.1485,0.0
334.9897,-45.9484,0.0
335.0041,-49.0817,0.0
335.0467,-52.4817,0.0
335.2572,-71.9148,0.0
335.1248,-35.1648,0.0
335.3281,-57.6645,0.0
335.3086,-50.3145,0.0
335.3607,-55.131,0.0396
335.4698,-52.5808,0.0
335.7055,-58.347,0.0
335.8171,-52.4468,0.0
335.7811,-29.3134,0.0
335.9726,-42.7631,0.0
336.5168,-57.2287,0.0
336.5651,-47.7452,0.0
336.5702,-48.9119,0.0
336.7107,-31.9449,0.0
336.9575,-69.028,0.0224
336.9564,-30.5778,0.0
337.0641,-33.5442,0.0
337.4215,-36.5269,0.0
337.5371,-48.1767,0.0
337.8995,-62.8094,0.0
337.8032,-30.1928,0.0
337.9171,-54.7427,0.075
338.2013,-39.0421,0.0
338.596,-37.7247,0.168
338.7017,-30.5579,0.0
339.3304,-58.5735,0.0
339.439,-59.9733,0.0
339.4749,-30.7065,0.0
339.5099,-23.9064,0.0
339.581,-22.073,0.0
339.7142,-36.6894,0.0
339.7422,-37.8227,0.0
339.8215,-17.3892,0.0
340.1017,-62.4055,0.0
340.0681,-38.5888,0.0
340.0586,-23.8388,0.0
340.3649,-37.7883,0.0
340.4782,-42.6048,0.0
341.1191,-30.0537,0.0
341.1781,-43.537,0.0
341.2498,-55.6202,0.0
341.2796,-60.7702,0.0
341.3438,-62.8035,0.0
341.3818,-45.0367,0.0
341.4293,-44.2866,0.0
341.4844,-45.9865,0.0
341.5344,-52.7198,0.0381
341.6063,-36.0863,0.0
342.5695,-84.3688,0.0
341.872,-60.3526,0.0
341.9044,-52.0525,0.0
342.0867,-71.919,0.0
342.07,-31.7356,0.0
342.1882,-28.5687,0.0
342.3142,-59.6686,0.0
342.266,-40.9186,0.0
342.4459,-64.3851,0.0
342.4252,-51.7684,0.0
342.4955,-60.9183,0.0
342.9758,-62.351,0.0
342.9542,-46.5843,0.0516
342.9459,-33.3843,0.0
343.1379,-60.5674,0.0
343.0709,-33.5841,0.0
343.0931,-32.2674,0.0
343.1408,-31.1673,0.0
343.4121,-71.5504,0.0
343.5082,-72.9836,0.0
343.3469,-34.5004,0.0
343.3952,-33.717,0.224
343.569,-62.1168,0.0
343.4973,-34.9168,0.0
343.5754,-46.3501,0.0
343.7576,-55.5832,0.0
343.7698,-58.1998,0.0
343.8558,-60.3664,0.0
343.9831,-60.9495,0.0
344.2667,-74.1492,0.0
344.0582,-28.3994,0.0
344.1064,-40.016,0.0
344.4032,-39.0989,0.0
344.481,-56.3655,0.0
344.5416,-58.7488,0.0
344.6538,-26.6819,0.0
344.6932,-19.9819,0.0
344.9769,-56.2315,0.0
344.9159,-18.6316,0.0
345.0417,-45.7814,0.0
345.0653,-45.3147,0.0
345.248,-61.0645,0.0
345.2096,-43.3145,0.0
345.31,-43.6644,0.0
345.5409,-60.1808,0.0
345.5806,-29.1974,0.0
345.6126,-33.3974,0.0
345.7151,-34.9306,0.0
345.7704,-37.8472,0.0
345.8478,-39.1637,0.0
345.9586,-44.3136,0.089
346.0907,-19.9134,0.0
346.3557,-53.0298,0.0
346.4083,-60.1131,0.0
346.4109,-60.6464,0.0
346.3956,-39.1131,0.0
346.4062,-44.1464,0.0699
346.4584,-45.213,0.0
346.5103,-60.6963,0.0
346.4813,-44.363,0.0
346.9362,-55.7625,0.0
347.0221,-67.4791,0.0
346.9972,-58.6791,0.0
347.106,-60.8623,0.0
347.5186,-40.4285,0.0
347.849,-28.7948,0.0
348.3355,-67.9777,0.0
348.2474,-28.3611,0.0
348.3853,-58.4276,0.0
348.6293,-67.594,0.0
348.6279,-63.044,0.0
348.834,-37.7938,0.0
348.9895,-23.327,0.0
349.2888,-74.6767,0.0
349.2014,-48.2768,0.0
349.3734,-73.5933,0.0
349.5284,-35.6765,0.0
349.693,-67.7763,0.0286
349.7216,-57.4263,0.0
350.108,-73.2927,0.0
350.0302,-52.126,0.0
350.2762,-66.0092,0.0
350.3972,-69.6924,0.0
350.3355,-22.1091,0.0
350.3375,-24.1758,0.0
350.409,-41.8924,0.0
350.7003,-51.7921,0.0
350.7557,-40.6421,0.0
350.8508,-61.4587,0.0
351.2129,-65.3417,0.0
351.1847,-23.1084,0.0
351.1991,-36.9584,0.0
351.5731,-53.3414,0.0
351.8946,-62.4079,0.0
352.1449,-68.9244,0.0
352.5717,-39.3241,0.0
352.6367,-29.2741,0.0
352.7929,-36.5073,0.0
352.9155,-34.4405,0.0
352.9398,-33.8239,0.0
352.9661,-35.2738,0.0
353.1075,-25.4904,0.0
353.1176,-37.4404,0.0
353.7266,-69.3234,0.0
353.7643,-66.3734,0.0
353.8566,-52.3066,0.0
354.0894,-57.9232,0.0
354.4669,-69.2896,0.0
354.5379,-38.1063,0.0
354.6001,-50.8562,0.0
355.0874,-85.2061,0.0
354.9612,-69.4894,0.0
354.9466,-49.6394,0.0
355.2348,-37.5226,0.0
355.4262,-55.9725,0.0
355.8107,-63.789,0.0
355.9077,-38.2724,0.0
356.2895,-50.3222,0.0
356.3495,-24.4889,0.0
356.5473,-19.7888,0.0
356.5791,-64.4221,0.0
356.6639,-52.3054,0.0
356.6775,-33.6054,0.0
356.7993,-62.772,0.0
356.8,-28.3221,0.0
356.9246,-28.1387,0.0283
357.0524,-36.272,0.0
357.0798,-67.7886,0.0
357.1741,-28.7886,0.0
357.2001,-31.772,0.0
357.2249,-31.2886,0.0
357.3481,-26.9886,0.0
357.5704,-19.1885,0.0
357.6025,-41.5718,0.0
357.649,-68.4385,0.0
357.7009,-38.4218,0.0
357.8971,-28.3718,0.0283
358.043,-67.6717,0.0
358.3842,-62.7383,0.0
358.5365,-78.9883,0.0
358.6949,-27.6717,0.0
358.7947,-28.5383,0.0
358.8435,-21.1883,0.0
358.9956,-37.2883,0.0
359.1228,-79.4216,0.0
359.145,-36.6216,0.0
359.1696,-34.6716,0.0456
359.2794,-69.4716,0.0
359.2929,-23.5383,0.0
359.4252,-65.2215,0.0
359.5676,-27.7382,0.0
359.6464,-59.9882,0.0
359.6919,-21.2549,0.0
359.7245,-71.5049,0.0
359.7457,-60.6715,0.0
359.9422,-39.4715,0.0
0.0163,-21.3882,0.0
0.0664,-30.3715,0.0
0.0913,-28.1049,0.0
0.166,-21.1049,0.0
0.1665,-46.5549,0.0
0.1912,-36.4049,0.0
0.266,-46.7382,0.0
0.44,-48.2382,0.0
